nume,nume_en,slug,subtitlu,descriere,oras,judet,tip,adresa,latitudine,longitudine,meta_title,meta_description,cuvinte_cheie,imagine_principala,galerie_foto,imagine_credit,cod_lmi
"Biserica Neagră",,biserica-neagra-brasov,,"biserica din Brașov",Brașov,Brașov,biserica-manastire,,45.64101,25.58803,,,,https://thumb.wikimedia.org/wikipedia/commons/thumb/e/e7/Biserica_Neagr%C4%83_%2848729880193%29.jpg/1280px-Biserica_Neagr%C4%83_%2848729880193%29.jpg,,"{""author"":""tomasz przechlewski"",""license"":""CC BY 2.0"",""license_url"":""https://creativecommons.org/licenses/by/2.0"",""source"":""https://commons.wikimedia.org/wiki/File:Biserica_Neagră_(48729880193).jpg""}",BV-II-a-A-11412
"Colegiul Național Johannes Honterus din Brașov",,colegiul-national-johannes-honterus-din-brasov-brasov,,"școală din Brașov",Brașov,Brașov,cladire-istorica,"Curtea Honterus nr. 3, loc. Brașov, RO–500025",45.64057,25.58796,,,,https://thumb.wikimedia.org/wikipedia/commons/thumb/7/70/Ro_Bv_Honterus_%281%29.jpg/1280px-Ro_Bv_Honterus_%281%29.jpg,,"{""author"":""Itineris55"",""license"":""CC BY-SA 4.0"",""license_url"":""https://creativecommons.org/licenses/by-sa/4.0"",""source"":""https://commons.wikimedia.org/wiki/File:Ro_Bv_Honterus_(1).jpg""}",BV-II-m-A-11413
"Biblioteca Județeană „George Barițiu” din Brașov",,biblioteca-judeteana-george-baritiu-din-brasov-brasov,,"clădire monument istoric din Brașov, România",Brașov,Brașov,cladire-istorica,"Bd. Eroilor 35",45.645721,25.587157,,,,https://thumb.wikimedia.org/wikipedia/commons/thumb/b/b3/Biblioteca_Judeteana_George_Baritiu_-_panoramio.jpg/1280px-Biblioteca_Judeteana_George_Baritiu_-_panoramio.jpg,,"{""author"":""Mister No"",""license"":""CC BY 3.0"",""license_url"":""https://creativecommons.org/licenses/by/3.0"",""source"":""https://commons.wikimedia.org/wiki/File:Biblioteca_Judeteana_George_Baritiu_-_panoramio.jpg""}",BV-II-m-B-11404
"Casa Șt. O. Iosif, Str. Prundului 4",,casa-st-o-iosif-str-prundului-4-brasov,,,Brașov,Brașov,cladire-istorica,"Str. Prundului 4",45.637724,25.583435,,,,https://thumb.wikimedia.org/wikipedia/commons/thumb/8/87/RO_BV_Bra%C8%99ov_Casa_%C8%98t._O._Iosif_1.JPG/1280px-RO_BV_Bra%C8%99ov_Casa_%C8%98t._O._Iosif_1.JPG,,"{""author"":""Firilacroco"",""license"":""CC BY-SA 3.0 ro"",""license_url"":""https://creativecommons.org/licenses/by-sa/3.0/ro/deed.en"",""source"":""https://commons.wikimedia.org/wiki/File:RO_BV_Brașov_Casa_Șt._O._Iosif_1.JPG""}",BV-IV-m-B-11900
"Casa Mureșenilor, Piața Sfatului 25",,casa-muresenilor-piata-sfatului-25-brasov,,"casă memorială din Brașov",Brașov,Brașov,muzeu,"Piața Sfatului 25",45.6424,25.58835,,,,https://thumb.wikimedia.org/wikipedia/commons/thumb/0/00/RO_BV_Bra%C8%99ov_Casa_Mure%C8%99enilor_4.jpg/1280px-RO_BV_Bra%C8%99ov_Casa_Mure%C8%99enilor_4.jpg,,"{""author"":""Whitepixels"",""license"":""CC0"",""license_url"":""http://creativecommons.org/publicdomain/zero/1.0/deed.en"",""source"":""https://commons.wikimedia.org/wiki/File:RO_BV_Brașov_Casa_Mureșenilor_4.jpg""}",BV-II-m-A-11582
"Casa Filstich-Plecker din Brașov",,casa-filstich-plecker-din-brasov-brasov,,,Brașov,Brașov,cladire-istorica,"Piața Sfatului 18",45.6416,25.5885,,,,https://thumb.wikimedia.org/wikipedia/commons/thumb/f/f6/Bra%C5%9Fov_-_town_square_cropped.jpg/1280px-Bra%C5%9Fov_-_town_square_cropped.jpg,,"{""author"":""User:Mercy"",""license"":""CC BY-SA 3.0"",""license_url"":""https://creativecommons.org/licenses/by-sa/3.0"",""source"":""https://commons.wikimedia.org/wiki/File:Braşov_-_town_square_cropped.jpg""}",BV-II-m-B-11576
"Casa cu sfinți din Brașov",,casa-cu-sfinti-din-brasov-brasov,,,Brașov,Brașov,cladire-istorica,"Str. Saftu Vasile, dr. 15",45.63405,25.57898,,,,https://upload.wikimedia.org/wikipedia/commons/5/5a/Bra%C8%99oc_-_Casa_cu_sfin%C8%9Bi.jpg,,"{""author"":""Munteanu Anca"",""license"":""CC BY-SA 4.0"",""license_url"":""https://creativecommons.org/licenses/by-sa/4.0"",""source"":""https://commons.wikimedia.org/wiki/File:Brașoc_-_Casa_cu_sfinți.jpg""}",BV-II-m-A-11554
"Casa Jekelius, Str. Republicii 17",,casa-jekelius-str-republicii-17-brasov,,"casă monument istoric din Brașov, România",Brașov,Brașov,cladire-istorica,"Str. Republicii 17",45.64305,25.59167,,,,https://thumb.wikimedia.org/wikipedia/commons/thumb/b/b4/Bra%C8%99ov_%289369483637%29.jpg/1280px-Bra%C8%99ov_%289369483637%29.jpg,,"{""author"":""Stefan Jurca from Munich, Germany"",""license"":""CC BY-SA 2.0"",""license_url"":""https://creativecommons.org/licenses/by-sa/2.0"",""source"":""https://commons.wikimedia.org/wiki/File:Brașov_(9369483637).jpg""}",BV-II-m-A-11540
"Casa Czeides, Piața Sfatului 4",,casa-czeides-piata-sfatului-4-brasov,,"casă monument din Brașov",Brașov,Brașov,cladire-istorica,"Piața Sfatului 4",45.64271,25.58948,,,,https://thumb.wikimedia.org/wikipedia/commons/thumb/f/fd/Casa_Czeides.JPG/1280px-Casa_Czeides.JPG,,"{""author"":""Strainu"",""license"":""CC BY-SA 3.0 ro"",""license_url"":""https://creativecommons.org/licenses/by-sa/3.0/ro/deed.en"",""source"":""https://commons.wikimedia.org/wiki/File:Casa_Czeides.JPG""}",BV-II-m-A-11563
"Casele Closius-Hiemesch-Giesel",,casele-closius-hiemesch-giesel-brasov,,,Brașov,Brașov,cladire-istorica,"Piața Sfatului 15-16",45.6415,25.589,,,,https://upload.wikimedia.org/wikipedia/commons/d/d4/Casele_Closius-Hiemesch-Giesel.jpg,,"{""author"":""Rotaru Florin"",""license"":""CC BY-SA 3.0 ro"",""license_url"":""https://creativecommons.org/licenses/by-sa/3.0/ro/deed.en"",""source"":""https://commons.wikimedia.org/wiki/File:Casele_Closius-Hiemesch-Giesel.jpg""}",BV-II-m-A-11574
"Casa Seuler, Brașov, Piața Sfatului 27",,casa-seuler-brasov-piata-sfatului-27-brasov,,,Brașov,Brașov,cladire-istorica,"Piața Sfatului 27",45.64279,25.58846,,,,https://thumb.wikimedia.org/wikipedia/commons/thumb/5/53/Brasov_Seuler_house.jpg/1280px-Brasov_Seuler_house.jpg,,"{""author"":""Whitepixels"",""license"":""CC0"",""license_url"":""http://creativecommons.org/publicdomain/zero/1.0/deed.en"",""source"":""https://commons.wikimedia.org/wiki/File:Brasov_Seuler_house.jpg""}",BV-II-m-B-11583
"Hanul Roșu, Brașov, Str. Bălcescu Nicolae 16",,hanul-rosu-brasov-str-balcescu-nicolae-16-brasov,,,Brașov,Brașov,cladire-istorica,"Str. Bălcescu Nicolae 16",45.6415,25.59261,,,,https://thumb.wikimedia.org/wikipedia/commons/thumb/d/d8/RO_BV_str_Balcescu_nr_16.jpg/1280px-RO_BV_str_Balcescu_nr_16.jpg,,"{""author"":""Whitepixels"",""license"":""CC0"",""license_url"":""http://creativecommons.org/publicdomain/zero/1.0/deed.en"",""source"":""https://commons.wikimedia.org/wiki/File:RO_BV_str_Balcescu_nr_16.jpg""}",BV-II-m-A-11318
"Casa Cziegler, Piața Sfatului 17",,casa-cziegler-piata-sfatului-17-brasov,,,Brașov,Brașov,cladire-istorica,"Piața Sfatului 17",45.64125,25.58885,,,,https://thumb.wikimedia.org/wikipedia/commons/thumb/1/1f/RO_BV_Cziegler_house_4.jpg/1280px-RO_BV_Cziegler_house_4.jpg,,"{""author"":""Whitepixels"",""license"":""CC0"",""license_url"":""http://creativecommons.org/publicdomain/zero/1.0/deed.en"",""source"":""https://commons.wikimedia.org/wiki/File:RO_BV_Cziegler_house_4.jpg""}",BV-II-m-B-11575
"Casa Benkner, Str. Barițiu Gh. 1-1A",,casa-benkner-str-baritiu-gh-1-1a-brasov,,"clădire în Brașov",Brașov,Brașov,cladire-istorica,"Str. Barițiu Gh. 1-1A",45.64175,25.5883,,,,https://thumb.wikimedia.org/wikipedia/commons/thumb/3/3a/RO_BV_Benkner_house_3.jpg/1280px-RO_BV_Benkner_house_3.jpg,,"{""author"":""Whitepixels"",""license"":""CC0"",""license_url"":""http://creativecommons.org/publicdomain/zero/1.0/deed.en"",""source"":""https://commons.wikimedia.org/wiki/File:RO_BV_Benkner_house_3.jpg""}",BV-II-m-B-11301
"Orfelinatul Tartler, Str. Poarta Schei 14",,orfelinatul-tartler-str-poarta-schei-14-brasov,,,Brașov,Brașov,cladire-istorica,"Str. Poarta Schei 14",45.63995,25.58775,,,,https://thumb.wikimedia.org/wikipedia/commons/thumb/0/0b/TartlerOrphanageBrasov2.jpg/1280px-TartlerOrphanageBrasov2.jpg,,"{""author"":""Whitepixels"",""license"":""CC0"",""license_url"":""http://creativecommons.org/publicdomain/zero/1.0/deed.en"",""source"":""https://commons.wikimedia.org/wiki/File:TartlerOrphanageBrasov2.jpg""}",BV-II-m-A-11500
"Casa Brâncoveanu-Manolache Lambrino",,casa-brancoveanu-manolache-lambrino-brasov,,,Brașov,Brașov,cladire-istorica,"Str. Brâncoveanu Constantin 32",45.637984,25.580443,,,,https://thumb.wikimedia.org/wikipedia/commons/thumb/c/c8/RO_BV_Bra%C8%99ov_Casa_Br%C3%A2ncoveanu-Manolache_Lambrino_1.JPG/1280px-RO_BV_Bra%C8%99ov_Casa_Br%C3%A2ncoveanu-Manolache_Lambrino_1.JPG,,"{""author"":""Firilacroco"",""license"":""CC BY-SA 3.0 ro"",""license_url"":""https://creativecommons.org/licenses/by-sa/3.0/ro/deed.en"",""source"":""https://commons.wikimedia.org/wiki/File:RO_BV_Brașov_Casa_Brâncoveanu-Manolache_Lambrino_1.JPG""}",BV-II-m-A-11375
"Casa Schobeln, Str. Mureșenilor 9",,casa-schobeln-str-muresenilor-9-brasov,,,Brașov,Brașov,cladire-istorica,"Str. Mureșenilor 9",45.643638,25.588879,,,,https://thumb.wikimedia.org/wikipedia/commons/thumb/c/c0/RO_BV_Bra%C8%99ov_Casa_Schobeln_4.jpg/1280px-RO_BV_Bra%C8%99ov_Casa_Schobeln_4.jpg,,"{""author"":""Whitepixels"",""license"":""CC0"",""license_url"":""http://creativecommons.org/publicdomain/zero/1.0/deed.en"",""source"":""https://commons.wikimedia.org/wiki/File:RO_BV_Brașov_Casa_Schobeln_4.jpg""}",BV-II-m-A-11467
"Casă, Piața Sfatului 11",,casa-piata-sfatului-11-brasov,,,Brașov,Brașov,cladire-istorica,"Piața Sfatului 11",45.6422,25.59,,,,,,,BV-II-m-A-11569
"Casă, Str. Dorobanți 81",,casa-str-dorobanti-81-harman,,,Hărman,Brașov,cladire-istorica,"Str. Dorobanți 81",45.716692,25.684206,,,,,,,BV-II-m-A-11714
"Casa Trausch, Str. Barițiu Gh. 7",,casa-trausch-str-baritiu-gh-7-brasov,,,Brașov,Brașov,cladire-istorica,"Str. Barițiu Gh. 7",45.6408,25.5872,,,,https://thumb.wikimedia.org/wikipedia/commons/thumb/c/c7/RO_BV_Str._Baritiu_nr._7.jpg/1280px-RO_BV_Str._Baritiu_nr._7.jpg,,"{""author"":""Whitepixels"",""license"":""CC0"",""license_url"":""http://creativecommons.org/publicdomain/zero/1.0/deed.en"",""source"":""https://commons.wikimedia.org/wiki/File:RO_BV_Str._Baritiu_nr._7.jpg""}",BV-II-m-B-11306
"Casa Johannes Honterus, Str. Bălcescu Nicolae 40",,casa-johannes-honterus-str-balcescu-nicolae-40-brasov,,,Brașov,Brașov,cladire-istorica,"Str. Bălcescu Nicolae 40",45.642213,25.594318,,,,https://thumb.wikimedia.org/wikipedia/commons/thumb/e/e7/RO_BV_str_Balcescu_nr_40.jpg/1280px-RO_BV_str_Balcescu_nr_40.jpg,,"{""author"":""Whitepixels"",""license"":""CC0"",""license_url"":""http://creativecommons.org/publicdomain/zero/1.0/deed.en"",""source"":""https://commons.wikimedia.org/wiki/File:RO_BV_str_Balcescu_nr_40.jpg""}",BV-II-m-B-11326
"Casa de editură Ciurcu, Str. Hirscher Apollonia 3",,casa-de-editura-ciurcu-str-hirscher-apollonia-3-brasov,,,Brașov,Brașov,cladire-istorica,"Str. Hirscher Apollonia 3",45.64078,25.58985,,,,https://thumb.wikimedia.org/wikipedia/commons/thumb/a/a6/RO_BV_Str._Hirscher_nr._3.jpg/1280px-RO_BV_Str._Hirscher_nr._3.jpg,,"{""author"":""Whitepixels"",""license"":""CC0"",""license_url"":""http://creativecommons.org/publicdomain/zero/1.0/deed.en"",""source"":""https://commons.wikimedia.org/wiki/File:RO_BV_Str._Hirscher_nr._3.jpg""}",BV-II-m-B-11407
Casă,,casa-brasov,,,Brașov,Brașov,cladire-istorica,,45.640463,25.587516,,,,,,,BV-II-m-B-11416
"Fosta casă a Rectorului, azi locuință",,fosta-casa-a-rectorului-azi-locuinta-brasov,,,Brașov,Brașov,cladire-istorica,,45.640678,25.587414,,,,,,,BV-II-m-B-11420
"Casă, Str. Maniu Iuliu 3",,casa-str-maniu-iuliu-3-brasov,,,Brașov,Brașov,cladire-istorica,"Str. Maniu Iuliu 3",45.6473,25.5981,,,,,,,BV-II-m-B-11463
"Casă, Piața Sfatului 8",,casa-piata-sfatului-8-brasov,,,Brașov,Brașov,cladire-istorica,"Piața Sfatului 8",45.6427,25.5905,,,,,,,BV-II-m-B-11567
"Casa din curte, Piața Sfatului 10",,casa-din-curte-piata-sfatului-10-brasov,,,Brașov,Brașov,cladire-istorica,"Piața Sfatului 10",45.6425,25.5905,,,,,,,BV-II-m-B-11568
"Casa Barac, Piața Unirii 3",,casa-barac-piata-unirii-3-brasov,,,Brașov,Brașov,cladire-istorica,"Piața Unirii 3",45.635626,25.580589,,,,,,,BV-II-m-B-11590
"Hanul „La îngerul auriu”, Str. Weiss Michael 23",,hanul-la-ingerul-auriu-str-weiss-michael-23-brasov,,,Brașov,Brașov,cladire-istorica,"Str. Weiss Michael 23",45.6434,25.5911,,,,,,,BV-IV-m-B-11905
"Turnul Negru din Brașov",,turnul-negru-din-brasov-brasov,,,Brașov,Brașov,cladire-istorica,,45.6413,25.5857,,,,https://thumb.wikimedia.org/wikipedia/commons/thumb/2/23/BV_Black_Tower_2.jpg/1280px-BV_Black_Tower_2.jpg,,"{""author"":""Whitepixels"",""license"":""CC0"",""license_url"":""http://creativecommons.org/publicdomain/zero/1.0/deed.en"",""source"":""https://commons.wikimedia.org/wiki/File:BV_Black_Tower_2.jpg""}",BV-II-m-A-11294.05
"Turnul Alb din Brașov",,turnul-alb-din-brasov-brasov,,,Brașov,Brașov,cladire-istorica,,45.6429,25.5866,,,,https://thumb.wikimedia.org/wikipedia/commons/thumb/e/eb/BV_WhiteTower2.jpg/1280px-BV_WhiteTower2.jpg,,"{""author"":""Whitepixels"",""license"":""CC0"",""license_url"":""http://creativecommons.org/publicdomain/zero/1.0/deed.en"",""source"":""https://commons.wikimedia.org/wiki/File:BV_WhiteTower2.jpg""}",BV-II-m-A-11294.05
"Colegiul Național „Andrei Șaguna”",,colegiul-national-andrei-saguna-brasov,,"liceu din Brașov, România",Brașov,Brașov,cladire-istorica,"Str. Șaguna Andrei, mitropolit 1",45.63805556,25.58361111,,,,https://thumb.wikimedia.org/wikipedia/commons/thumb/7/71/RO_BV_Bra%C8%99ov_Colegiul_Na%C8%9Bional_%E2%80%9EAndrei_%C8%98aguna%E2%80%9D_4.JPG/1280px-RO_BV_Bra%C8%99ov_Colegiul_Na%C8%9Bional_%E2%80%9EAndrei_%C8%98aguna%E2%80%9D_4.JPG,,"{""author"":""Firilacroco"",""license"":""CC BY-SA 3.0 ro"",""license_url"":""https://creativecommons.org/licenses/by-sa/3.0/ro/deed.en"",""source"":""https://commons.wikimedia.org/wiki/File:RO_BV_Brașov_Colegiul_Național_„Andrei_Șaguna”_4.JPG""}",BV-II-m-A-11587
"Palatul Safrano, Piața Sfatului 23",,palatul-safrano-piata-sfatului-23-brasov,,,Brașov,Brașov,castel-palat,"Piața Sfatului 23",45.6421,25.5885,,,,https://upload.wikimedia.org/wikipedia/commons/8/85/Casa_monument_istoric_%28Piata_Sfatului_23%29.jpg,,"{""author"":""Rotaru Florin"",""license"":""CC BY-SA 3.0 ro"",""license_url"":""https://creativecommons.org/licenses/by-sa/3.0/ro/deed.en"",""source"":""https://commons.wikimedia.org/wiki/File:Casa_monument_istoric_(Piata_Sfatului_23).jpg""}",BV-II-m-B-11580
"Biserica Sfântul Bartolomeu din Brașov",,biserica-sfantul-bartolomeu-din-brasov-brasov,,,Brașov,Brașov,biserica-manastire,"Str. Lungă 251",45.6627,25.5775,,,,https://upload.wikimedia.org/wikipedia/commons/0/0d/Biserica_Sfantul_Bartolomeu_Brasov.jpg,,"{""author"":""Ziduldacic"",""license"":""CC BY-SA 3.0"",""license_url"":""https://creativecommons.org/licenses/by-sa/3.0"",""source"":""https://commons.wikimedia.org/wiki/File:Biserica_Sfantul_Bartolomeu_Brasov.jpg""}",BV-II-a-A-11461
"Biserica „Sfânta Treime” Șchei - Pe Tocile din Brașov",,biserica-sfanta-treime-schei-pe-tocile-din-brasov-brasov,,"Biserica „Sfânta Treime” Șchei - Pe Tocile din Brașov (monument istoric)",Brașov,Brașov,biserica-manastire,"Str. Dr. Vasile Saftu nr.57",45.631356,25.575279,,,,https://thumb.wikimedia.org/wikipedia/commons/thumb/0/0d/Biserica_%E2%80%9ESf%C3%A2nta_Treime%E2%80%9D_%C8%98chei_-_Pe_Tocile_din_Bra%C8%99ov_%282023%29_-_IMG_09.jpg/1280px-Biserica_%E2%80%9ESf%C3%A2nta_Treime%E2%80%9D_%C8%98chei_-_Pe_Tocile_din_Bra%C8%99ov_%282023%29_-_IMG_09.jpg,,"{""author"":""Chainwit."",""license"":""CC BY 4.0"",""license_url"":""https://creativecommons.org/licenses/by/4.0"",""source"":""https://commons.wikimedia.org/wiki/File:Biserica_„Sfânta_Treime”_Șchei_-_Pe_Tocile_din_Brașov_(2023)_-_IMG_09.jpg""}",BV-II-a-B-11557
"Biserica Sfântul Martin din Brașov",,biserica-sfantul-martin-din-brasov-brasov,,,Brașov,Brașov,biserica-manastire,"Str. Dealul de Jos 12",45.65181,25.58851,,,,https://upload.wikimedia.org/wikipedia/commons/7/7f/St._Martin_church_in_Brasov.JPG,,"{""author"":""Ágoston Berecz"",""license"":""CC BY-SA 3.0"",""license_url"":""http://creativecommons.org/licenses/by-sa/3.0/"",""source"":""https://commons.wikimedia.org/wiki/File:St._Martin_church_in_Brasov.JPG""}",BV-II-m-A-11394
"Biserica Franciscană din Brașov",,biserica-franciscana-din-brasov-brasov,,,Brașov,Brașov,biserica-manastire,"Str. Sf. Ioan 7",45.64427,25.59182,,,,https://thumb.wikimedia.org/wikipedia/commons/thumb/3/3c/Biserica_%E2%80%9DSf._Ioan_Botez%C4%83torul%E2%80%9D.JPG/1280px-Biserica_%E2%80%9DSf._Ioan_Botez%C4%83torul%E2%80%9D.JPG,,"{""author"":""NeaAlecu"",""license"":""CC BY-SA 4.0"",""license_url"":""https://creativecommons.org/licenses/by-sa/4.0"",""source"":""https://commons.wikimedia.org/wiki/File:Biserica_”Sf._Ioan_Botezătorul”.JPG""}",BV-II-a-A-11559
"Biserica Romano-Catolică Sf. Petru și Pavel din Brașov",,biserica-romano-catolica-sf-petru-si-pavel-din-brasov-brasov,,,Brașov,Brașov,biserica-manastire,"Str. Mureșenilor 21.",45.644521,25.589283,,,,https://upload.wikimedia.org/wikipedia/commons/c/c7/Brasov11.JPG,,"{""author"":""L.Kenzel"",""license"":""CC BY 3.0"",""license_url"":""https://creativecommons.org/licenses/by/3.0"",""source"":""https://commons.wikimedia.org/wiki/File:Brasov11.JPG""}",BV-II-m-A-11470
"Biserica „Sfânta Treime - Grecească” din Brașov",,biserica-sfanta-treime-greceasca-din-brasov-brasov,,"biserică ortodoxă din Brașov, România",Brașov,Brașov,biserica-manastire,"Str. Barițiu Gh. 12",45.641637,25.587211,,,,https://thumb.wikimedia.org/wikipedia/commons/thumb/2/29/RO_BV_Bra%C8%99ov_Biserica_Ortodox%C4%83_Sf%C3%A2nta_Treime_5.JPG/1280px-RO_BV_Bra%C8%99ov_Biserica_Ortodox%C4%83_Sf%C3%A2nta_Treime_5.JPG,,"{""author"":""Firilacroco"",""license"":""CC BY-SA 3.0 ro"",""license_url"":""https://creativecommons.org/licenses/by-sa/3.0/ro/deed.en"",""source"":""https://commons.wikimedia.org/wiki/File:RO_BV_Brașov_Biserica_Ortodoxă_Sfânta_Treime_5.JPG""}",BV-II-a-A-11307
"Biserica Sfântul Nicolae din Brașov",,biserica-sfantul-nicolae-din-brasov-brasov,,"biserică monument istoric din Șcheii Brașovului",Brașov,Brașov,biserica-manastire,"Piața Unirii 2",45.6356,25.5814,,,,https://thumb.wikimedia.org/wikipedia/commons/thumb/d/df/Biserica_Sf%C3%A2ntul_Nicolae_din_Bra%C8%99ov_%282023%29_-_img_08.jpg/1280px-Biserica_Sf%C3%A2ntul_Nicolae_din_Bra%C8%99ov_%282023%29_-_img_08.jpg,,"{""author"":""Chainwit."",""license"":""CC BY 4.0"",""license_url"":""https://creativecommons.org/licenses/by/4.0"",""source"":""https://commons.wikimedia.org/wiki/File:Biserica_Sfântul_Nicolae_din_Brașov_(2023)_-_img_08.jpg""}",BV-II-m-A-11589.01
"Biserica „Adormirea Maicii Domnului”",,biserica-adormirea-maicii-domnului-brasov,,"biserică în Brașov",Brașov,Brașov,biserica-manastire,"Str. Bisericii Române 47",45.6544,25.5893,,,,https://upload.wikimedia.org/wikipedia/commons/9/9d/RO_BV_Brasovechi_Orthodox_church_2.jpg,,"{""author"":""Whitepixels"",""license"":""CC0"",""license_url"":""http://creativecommons.org/publicdomain/zero/1.0/deed.en"",""source"":""https://commons.wikimedia.org/wiki/File:RO_BV_Brasovechi_Orthodox_church_2.jpg""}",BV-II-m-A-11336.01
"Biserica ortodoxă din Sânpetru",,biserica-ortodoxa-din-sanpetru-sanpetru,,,Sânpetru,Brașov,biserica-manastire,"Str. Bisericii Române 556",45.716032,25.627536,,,,https://thumb.wikimedia.org/wikipedia/commons/thumb/0/04/RO_BV_Sanpetru_St_Nicholas_church_1.jpg/1280px-RO_BV_Sanpetru_St_Nicholas_church_1.jpg,,"{""author"":""Andrei Stroe"",""license"":""CC BY-SA 4.0"",""license_url"":""https://creativecommons.org/licenses/by-sa/4.0"",""source"":""https://commons.wikimedia.org/wiki/File:RO_BV_Sanpetru_St_Nicholas_church_1.jpg""}",BV-II-m-A-11816
"Biserica Adormirea Maicii Domnului din Brașov - Cetate",,biserica-adormirea-maicii-domnului-din-brasov-cetate-brasov,,"ansamblu de monumente istorice aflat în Piața Sfatului, Brașov",Brașov,Brașov,biserica-manastire,"Piața Sfatului 3",45.6429661,25.589324,,,,https://thumb.wikimedia.org/wikipedia/commons/thumb/9/94/Biserica_Ortodoxa_din_Piata_Sfatului_Brasov.jpg/1280px-Biserica_Ortodoxa_din_Piata_Sfatului_Brasov.jpg,,"{""author"":""Alex:D"",""license"":""CC BY-SA 3.0"",""license_url"":""https://creativecommons.org/licenses/by-sa/3.0"",""source"":""https://commons.wikimedia.org/wiki/File:Biserica_Ortodoxa_din_Piata_Sfatului_Brasov.jpg""}",BV-II-a-B-11562
"Biserica „Sfânta Treime” - Dârste din Brașov",,biserica-sfanta-treime-darste-din-brasov-brasov,,"monument istoric",Brașov,Brașov,biserica-manastire,,45.61675,25.653194,,,,https://thumb.wikimedia.org/wikipedia/commons/thumb/2/24/RO_BV_Darste_church_%283%29.jpg/1280px-RO_BV_Darste_church_%283%29.jpg,,"{""author"":""Whitepixels"",""license"":""CC0"",""license_url"":""http://creativecommons.org/publicdomain/zero/1.0/deed.en"",""source"":""https://commons.wikimedia.org/wiki/File:RO_BV_Darste_church_(3).jpg""}",BV-II-a-A-11339
"Biserica evanghelică din Obere Vorstadt",,biserica-evanghelica-din-obere-vorstadt-brasov,,,Brașov,Brașov,biserica-manastire,"Str. Prundului 3",45.638102,25.585614,,,,,,,BV-II-m-A-11530.01
"Fosta Bancă Națională Săsească din Brașov",,fosta-banca-nationala-saseasca-din-brasov-brasov,,"clădire monument istoric din Brașov",Brașov,Brașov,cladire-istorica,"Str. Michael Weiss 22",45.642836266597,25.59167933391,,,,https://thumb.wikimedia.org/wikipedia/commons/thumb/f/f8/Ro_Bv_Michael-Weiss_22.jpg/1280px-Ro_Bv_Michael-Weiss_22.jpg,,"{""author"":""Itineris55"",""license"":""CC BY-SA 4.0"",""license_url"":""https://creativecommons.org/licenses/by-sa/4.0"",""source"":""https://commons.wikimedia.org/wiki/File:Ro_Bv_Michael-Weiss_22.jpg""}",BV-II-m-A-11595
"Casa Sfatului din Brașov, Piața Sfatului 30",,casa-sfatului-din-brasov-piata-sfatului-30-brasov,,"Vechea primărie situată în Piața Sfatului din centrul istoric al orașului Brașov",Brașov,Brașov,muzeu,"Piața Sfatului 30",45.642399,25.588879,,,,https://thumb.wikimedia.org/wikipedia/commons/thumb/3/38/Brasov_%28Kronstadt_-_Brasso%29_-_city_hall_Lestat_edit.jpg/1280px-Brasov_%28Kronstadt_-_Brasso%29_-_city_hall_Lestat_edit.jpg,,"{""author"":""Pudelek (Marcin Szala), edit by Lestath"",""license"":""CC BY-SA 3.0"",""license_url"":""https://creativecommons.org/licenses/by-sa/3.0"",""source"":""https://commons.wikimedia.org/wiki/File:Brasov_(Kronstadt_-_Brasso)_-_city_hall_Lestat_edit.jpg""}",BV-II-m-A-11586
"Prima școală românească, Piața Unirii 2",,prima-scoala-romaneasca-piata-unirii-2-brasov,,,Brașov,Brașov,muzeu,"Piața Unirii 2",45.6358,25.5812,,,,https://thumb.wikimedia.org/wikipedia/commons/thumb/5/5f/RO_BV_Prima_%C5%9Fcoal%C4%83.jpg/1280px-RO_BV_Prima_%C5%9Fcoal%C4%83.jpg,,"{""author"":""Nicu Farcaș"",""license"":""CC BY 3.0"",""license_url"":""https://creativecommons.org/licenses/by/3.0"",""source"":""https://commons.wikimedia.org/wiki/File:RO_BV_Prima_şcoală.jpg""}",BV-II-m-A-11589.02
"Sinagoga Neologă din Brașov",,sinagoga-neologa-din-brasov-brasov,,"clădire religioasă din România",Brașov,Brașov,biserica-manastire,"Str. Poarta Schei 29",45.639381,25.587779,,,,https://thumb.wikimedia.org/wikipedia/commons/thumb/5/5d/BRAS-SinanogaNeologa02.jpg/1280px-BRAS-SinanogaNeologa02.jpg,,"{""author"":""Gitanes232"",""license"":""CC BY-SA 4.0"",""license_url"":""https://creativecommons.org/licenses/by-sa/4.0"",""source"":""https://commons.wikimedia.org/wiki/File:BRAS-SinanogaNeologa02.jpg""}",BV-II-m-B-11515
"Ansamblul cimitirului evanghelic Brașovul Vechi",,ansamblul-cimitirului-evanghelic-brasovul-vechi-brasov,,,Brașov,Brașov,monument,"Str. Lungă 2",45.6475,25.59,,,,https://thumb.wikimedia.org/wikipedia/commons/thumb/5/56/Bra%C8%99ov_Lutheran_cemetery.jpg/1280px-Bra%C8%99ov_Lutheran_cemetery.jpg,,"{""author"":""Honza9513"",""license"":""CC0"",""license_url"":""http://creativecommons.org/publicdomain/zero/1.0/deed.en"",""source"":""https://commons.wikimedia.org/wiki/File:Brașov_Lutheran_cemetery.jpg""}",BV-II-a-B-11427
"Casa Negustorilor din Brașov",,casa-negustorilor-din-brasov-brasov,,,Brașov,Brașov,cladire-istorica,"Piața Sfatului 14",45.641692,25.589422,,,,https://thumb.wikimedia.org/wikipedia/commons/thumb/a/a9/RO_BV_Casa_Negustorilor.jpg/1280px-RO_BV_Casa_Negustorilor.jpg,,"{""author"":""Nicu Farcaș"",""license"":""CC BY-SA 3.0 ro"",""license_url"":""https://creativecommons.org/licenses/by-sa/3.0/ro/deed.en"",""source"":""https://commons.wikimedia.org/wiki/File:RO_BV_Casa_Negustorilor.jpg""}",BV-II-m-A-11573
"Palatul Friedrich Czell din Brașov",,palatul-friedrich-czell-din-brasov-brasov,,"palat din Piața Sfatului, Brașov",Brașov,Brașov,cladire-istorica,"Piața Sfatului 26",45.64258,25.58838,,,,https://thumb.wikimedia.org/wikipedia/commons/thumb/5/5d/Bra%C8%99ov_-_Palatul_Friedrich_Czell_din_Pia%C8%9Ba_Sfatului_%282023%29_-_IMG_04.jpg/1280px-Bra%C8%99ov_-_Palatul_Friedrich_Czell_din_Pia%C8%9Ba_Sfatului_%282023%29_-_IMG_04.jpg,,"{""author"":""Chainwit."",""license"":""CC BY-SA 4.0"",""license_url"":""https://creativecommons.org/licenses/by-sa/4.0"",""source"":""https://commons.wikimedia.org/wiki/File:Brașov_-_Palatul_Friedrich_Czell_din_Piața_Sfatului_(2023)_-_IMG_04.jpg""}",BV-II-m-B-20906
"Casa Bălașa Brâncoveanu, Str. Brâncoveanu Constantin 12",,casa-balasa-brancoveanu-str-brancoveanu-constantin-12-brasov,,,Brașov,Brașov,cladire-istorica,"Str. Brâncoveanu Constantin 12",45.638974,25.582236,,,,https://thumb.wikimedia.org/wikipedia/commons/thumb/7/7f/RO_BV_Str._Brancoveanu_nr._12.jpg/1280px-RO_BV_Str._Brancoveanu_nr._12.jpg,,"{""author"":""Whitepixels"",""license"":""CC0"",""license_url"":""http://creativecommons.org/publicdomain/zero/1.0/deed.en"",""source"":""https://commons.wikimedia.org/wiki/File:RO_BV_Str._Brancoveanu_nr._12.jpg""}",BV-II-m-A-11371
"Fosta reședință de vară a familiei Brukenthal, azi locuință",,fosta-resedinta-de-vara-a-familiei-brukenthal-azi-locuinta-brasov,,,Brașov,Brașov,cladire-istorica,"Str. Brâncoveanu Constantin 23",45.638321,25.581253,,,,https://thumb.wikimedia.org/wikipedia/commons/thumb/1/16/RO_BV_Bra%C8%99ov_str._Ct._Br%C3%A2ncoveanu_nr._23_1.JPG/1280px-RO_BV_Bra%C8%99ov_str._Ct._Br%C3%A2ncoveanu_nr._23_1.JPG,,"{""author"":""Firilacroco"",""license"":""CC BY-SA 3.0 ro"",""license_url"":""https://creativecommons.org/licenses/by-sa/3.0/ro/deed.en"",""source"":""https://commons.wikimedia.org/wiki/File:RO_BV_Brașov_str._Ct._Brâncoveanu_nr._23_1.JPG""}",BV-II-m-A-11373
"Fost atelier de tâmplărie și depozit de marfă",,fost-atelier-de-tamplarie-si-depozit-de-marfa-brasov,,,Brașov,Brașov,cladire-istorica,"Piața Enescu 11 bis",45.643183,25.590775,,,,,,,BV-II-m-A-11400
"Fosta Casă de Pensii, azi Rectoratul Universității",,fosta-casa-de-pensii-azi-rectoratul-universitatii-brasov,,,Brașov,Brașov,cladire-istorica,"Bd. Eroilor 29",45.645274,25.589072,,,,https://thumb.wikimedia.org/wikipedia/commons/thumb/b/b0/Cladire_Rectorat_mai_2020.jpg/1280px-Cladire_Rectorat_mai_2020.jpg,,"{""author"":""Lucius 1978"",""license"":""CC BY-SA 4.0"",""license_url"":""https://creativecommons.org/licenses/by-sa/4.0"",""source"":""https://commons.wikimedia.org/wiki/File:Cladire_Rectorat_mai_2020.jpg""}",BV-II-m-A-11402
"Vila Baiulescu din Brașov",,vila-baiulescu-din-brasov-brasov,,"secție a Bibliotecii Județene Brașov",Brașov,Brașov,cladire-istorica,"Bd. Eroilor 33",45.645516167708,25.587933892176,,,,https://thumb.wikimedia.org/wikipedia/commons/thumb/6/64/Casa_Baiulescu_-_panoramio.jpg/1280px-Casa_Baiulescu_-_panoramio.jpg,,"{""author"":""Mister No"",""license"":""CC BY 3.0"",""license_url"":""https://creativecommons.org/licenses/by/3.0"",""source"":""https://commons.wikimedia.org/wiki/File:Casa_Baiulescu_-_panoramio.jpg""}",BV-II-m-B-11403
"Casa Wallbaum, Piața Sfatului 5",,casa-wallbaum-piata-sfatului-5-brasov,,,Brașov,Brașov,cladire-istorica,"Piața Sfatului 5",45.643,25.591,,,,https://thumb.wikimedia.org/wikipedia/commons/thumb/a/a4/Casa_Wallbaum.JPG/1280px-Casa_Wallbaum.JPG,,"{""author"":""Strainu"",""license"":""CC BY-SA 3.0 ro"",""license_url"":""https://creativecommons.org/licenses/by-sa/3.0/ro/deed.en"",""source"":""https://commons.wikimedia.org/wiki/File:Casa_Wallbaum.JPG""}",BV-II-m-B-11564
"Casa Fabritius, Piața Sfatului 6",,casa-fabritius-piata-sfatului-6-brasov,,,Brașov,Brașov,cladire-istorica,"Piața Sfatului 6",45.6431,25.5912,,,,https://thumb.wikimedia.org/wikipedia/commons/thumb/e/ed/Casa_Fabritius.JPG/1280px-Casa_Fabritius.JPG,,"{""author"":""Strainu"",""license"":""CC BY-SA 3.0 ro"",""license_url"":""https://creativecommons.org/licenses/by-sa/3.0/ro/deed.en"",""source"":""https://commons.wikimedia.org/wiki/File:Casa_Fabritius.JPG""}",BV-II-m-B-11565
"Casa Mandl, Piața Sfatului 7",,casa-mandl-piata-sfatului-7-brasov,,,Brașov,Brașov,cladire-istorica,"Piața Sfatului 7",45.6427,25.5904,,,,https://thumb.wikimedia.org/wikipedia/commons/thumb/3/3c/Casa_12345678.jpg/1280px-Casa_12345678.jpg,,"{""author"":""Stefypetre"",""license"":""CC BY-SA 3.0 ro"",""license_url"":""https://creativecommons.org/licenses/by-sa/3.0/ro/deed.en"",""source"":""https://commons.wikimedia.org/wiki/File:Casa_12345678.jpg""}",BV-II-m-B-11566
"Casă, Piața Sfatului 21",,casa-piata-sfatului-21-brasov,,,Brașov,Brașov,cladire-istorica,"Piața Sfatului 21",45.6419,25.5884,,,,https://upload.wikimedia.org/wikipedia/commons/c/c3/Casa_monument_istoric_%28Piata_Sfatului_21%29.jpg,,"{""author"":""Rotaru Florin, uploaded by Utilizator:Rotaru Florin at ro.wikipedia"",""license"":""CC BY-SA 3.0 ro"",""license_url"":""https://creativecommons.org/licenses/by-sa/3.0/ro/deed.en"",""source"":""https://commons.wikimedia.org/wiki/File:Casa_monument_istoric_(Piata_Sfatului_21).jpg""}",BV-II-m-B-11578
"Casă, Piața Sfatului 22",,casa-piata-sfatului-22-brasov,,,Brașov,Brașov,cladire-istorica,"Piața Sfatului 22",45.6419,25.5885,,,,https://upload.wikimedia.org/wikipedia/commons/b/b0/Piata_Sfatului_nr_22.jpg,,"{""author"":""Whitepixels"",""license"":""CC0"",""license_url"":""http://creativecommons.org/publicdomain/zero/1.0/deed.en"",""source"":""https://commons.wikimedia.org/wiki/File:Piata_Sfatului_nr_22.jpg""}",BV-II-m-B-11579
"Casă, Piața Sfatului 24",,casa-piata-sfatului-24-brasov,,,Brașov,Brașov,cladire-istorica,"Piața Sfatului 24",45.6422,25.5886,,,,https://thumb.wikimedia.org/wikipedia/commons/thumb/c/c8/Piata_Sfatului_nr_24.jpg/1280px-Piata_Sfatului_nr_24.jpg,,"{""author"":""Whitepixels"",""license"":""CC0"",""license_url"":""http://creativecommons.org/publicdomain/zero/1.0/deed.en"",""source"":""https://commons.wikimedia.org/wiki/File:Piata_Sfatului_nr_24.jpg""}",BV-II-m-B-11581
"Complexul Sportiv Olimpia",,complexul-sportiv-olimpia-brasov,,,Brașov,Brașov,cladire-istorica,"str. G. Coșbuc nr. 2",45.637286,25.588715,,,,https://upload.wikimedia.org/wikipedia/commons/3/35/Olimpia_Brasov1.JPG,,"{""author"":""L.Kenzel"",""license"":""CC BY-SA 3.0"",""license_url"":""https://creativecommons.org/licenses/by-sa/3.0"",""source"":""https://commons.wikimedia.org/wiki/File:Olimpia_Brasov1.JPG""}",BV-II-m-B-21054
"Zid de incintă, Piața Unirii 2",,zid-de-incinta-piata-unirii-2-brasov,,,Brașov,Brașov,cladire-istorica,"Piața Unirii 2",45.635695,25.580553,,,,,,,BV-II-m-A-11589.04
"Cetățuia de pe Strajă, Str. Dealul Cetății",,cetatuia-de-pe-straja-str-dealul-cetatii-brasov,,"monument istoric din Brașov, România",Brașov,Brașov,castel-palat,"Str. Dealul Cetății",45.6493,25.5919,,,,https://thumb.wikimedia.org/wikipedia/commons/thumb/5/50/Cet%C4%83%C8%9Buia_Brasov%2C_vazuta_de_pe_DEalul_Melcilor.jpg/1280px-Cet%C4%83%C8%9Buia_Brasov%2C_vazuta_de_pe_DEalul_Melcilor.jpg,,"{""author"":""Mihai Raducanu"",""license"":""CC BY-SA 4.0"",""license_url"":""https://creativecommons.org/licenses/by-sa/4.0"",""source"":""https://commons.wikimedia.org/wiki/File:Cetățuia_Brasov,_vazuta_de_pe_DEalul_Melcilor.jpg""}",BV-II-a-A-11393
"Capela fostului cimitir catolic",,capela-fostului-cimitir-catolic-brasov,,"cartier Blumăna, Brașov",Brașov,Brașov,biserica-manastire,"Bd. Eroilor 2",45.6459,25.59763,,,,https://thumb.wikimedia.org/wikipedia/commons/thumb/4/41/RO_BV_Blumana_Catholic_chapel_2.jpg/1280px-RO_BV_Blumana_Catholic_chapel_2.jpg,,"{""author"":""Whitepixels"",""license"":""CC0"",""license_url"":""http://creativecommons.org/publicdomain/zero/1.0/deed.en"",""source"":""https://commons.wikimedia.org/wiki/File:RO_BV_Blumana_Catholic_chapel_2.jpg""}",BV-II-m-B-11299
Brașovechi,,brasovechi-brasov,,"cartier vechi din municipiul Brașov",Brașov,Brașov,piata-centru-vechi,,45.655,25.584722222222,,,,https://thumb.wikimedia.org/wikipedia/commons/thumb/7/7f/RO_BV_Strada_Lung%C4%83.jpg/1280px-RO_BV_Strada_Lung%C4%83.jpg,,"{""author"":""Nicu Farcaș"",""license"":""CC BY-SA 3.0"",""license_url"":""https://creativecommons.org/licenses/by-sa/3.0"",""source"":""https://commons.wikimedia.org/wiki/File:RO_BV_Strada_Lungă.jpg""}",BV-II-a-B-11298
"Centrul istoric al Brașovului (Cetatea)",,centrul-istoric-al-brasovului-cetatea-brasov,,"cartier din Brașov, declarat monument istoric de valoare națională/internațională",Brașov,Brașov,piata-centru-vechi,,45.642655,25.591019,,,,https://thumb.wikimedia.org/wikipedia/commons/thumb/c/c6/Piata_Sfatului_vazuta_de_pe_Tampa.jpg/1280px-Piata_Sfatului_vazuta_de_pe_Tampa.jpg,,"{""author"":""Korinna"",""license"":""CC BY-SA 3.0 ro"",""license_url"":""https://creativecommons.org/licenses/by-sa/3.0/ro/deed.en"",""source"":""https://commons.wikimedia.org/wiki/File:Piata_Sfatului_vazuta_de_pe_Tampa.jpg""}",BV-II-s-A-11295
"Șcheii Brașovului",,scheii-brasovului-brasov,,"cartier din Brașov",Brașov,Brașov,piata-centru-vechi,,45.63583,25.58,,,,https://upload.wikimedia.org/wikipedia/commons/8/86/Petocile_Brasov.JPG,,"{""author"":""Ágoston Berecz"",""license"":""CC BY-SA 3.0"",""license_url"":""http://creativecommons.org/licenses/by-sa/3.0/"",""source"":""https://commons.wikimedia.org/wiki/File:Petocile_Brasov.JPG""}",BV-II-s-B-11296
Blumăna,,blumana-brasov,,,Brașov,Brașov,piata-centru-vechi,,45.645,25.601,,,,https://thumb.wikimedia.org/wikipedia/commons/thumb/c/cd/BV_Blumana_2.jpg/1280px-BV_Blumana_2.jpg,,"{""author"":""Whitepixels"",""license"":""CC0"",""license_url"":""http://creativecommons.org/publicdomain/zero/1.0/deed.en"",""source"":""https://commons.wikimedia.org/wiki/File:BV_Blumana_2.jpg""}",BV-II-a-B-11297
"Mausoleul Eroilor din 1918",,mausoleul-eroilor-din-1918-brasov,,,Brașov,Brașov,monument,"Str. Saftu Vasile, dr. 57",45.63114,25.576335,,,,https://thumb.wikimedia.org/wikipedia/commons/thumb/a/a2/Sf_Treime_Brasov_Heroes_Mausoleum_1.jpg/1280px-Sf_Treime_Brasov_Heroes_Mausoleum_1.jpg,,"{""author"":""Alex:D"",""license"":""CC BY-SA 3.0"",""license_url"":""http://creativecommons.org/licenses/by-sa/3.0/"",""source"":""https://commons.wikimedia.org/wiki/File:Sf_Treime_Brasov_Heroes_Mausoleum_1.jpg""}",BV-IV-m-B-11557.04
"Piața Unirii din Braşov, Piața Unirii, nr. 1-22",,piata-unirii-din-brasov-piata-unirii-nr-1-22-rasnov,,,Râșnov,Brașov,piata-centru-vechi,"Piața Unirii, nr. 1-22",45.635959,25.580152,,,,https://thumb.wikimedia.org/wikipedia/commons/thumb/4/46/Brasov%2C_piazza_unirii_02.JPG/1280px-Brasov%2C_piazza_unirii_02.JPG,,"{""author"":""sailko"",""license"":""CC BY-SA 3.0"",""license_url"":""https://creativecommons.org/licenses/by-sa/3.0"",""source"":""https://commons.wikimedia.org/wiki/File:Brasov,_piazza_unirii_02.JPG""}",BV-II-a-B-11760
"Statuia lui Johannes Honterus",,statuia-lui-johannes-honterus-brasov,,"sit de patrimoniu în județul Brașov, România",Brașov,Brașov,monument,,45.64077,25.58778,,,,https://thumb.wikimedia.org/wikipedia/commons/thumb/0/0a/Johannes_Honterus_-_Denkmal_in_Kronstadt.JPG/1280px-Johannes_Honterus_-_Denkmal_in_Kronstadt.JPG,,"{""author"":""Pudelek (Marcin Szala) - photoHarro Magnussen (1861-1908) - statue"",""license"":""CC BY-SA 3.0"",""license_url"":""https://creativecommons.org/licenses/by-sa/3.0"",""source"":""https://commons.wikimedia.org/wiki/File:Johannes_Honterus_-_Denkmal_in_Kronstadt.JPG""}",BV-III-m-B-11857
"Centrul Cultural „Reduta” din Brașov",,centrul-cultural-reduta-din-brasov-brasov,,"clădire din Brașov",Brașov,Brașov,cladire-istorica,"Str. Hirscher Apollonia 8",45.6409328,25.589519,,,,https://upload.wikimedia.org/wikipedia/commons/3/3f/RedutaBV.jpg,,"{""author"":""Alex:D"",""license"":""CC BY-SA 3.0"",""license_url"":""http://creativecommons.org/licenses/by-sa/3.0/"",""source"":""https://commons.wikimedia.org/wiki/File:RedutaBV.jpg""}",BV-II-m-B-11410
"Incinta bastionară, Str. Dealul Cetății",,incinta-bastionara-str-dealul-cetatii-brasov,,,Brașov,Brașov,cladire-istorica,"Str. Dealul Cetății",45.649275,25.591767,,,,https://thumb.wikimedia.org/wikipedia/commons/thumb/5/5a/Cet%C4%83%C5%A3uia_Bra%C5%9Fov_-_panoramio.jpg/1280px-Cet%C4%83%C5%A3uia_Bra%C5%9Fov_-_panoramio.jpg,,"{""author"":""Andrei Dan Suciu"",""license"":""CC BY 3.0"",""license_url"":""https://creativecommons.org/licenses/by/3.0"",""source"":""https://commons.wikimedia.org/wiki/File:Cetăţuia_Braşov_-_panoramio.jpg""}",BV-II-m-A-11393.01
"Fosta casă parohială, azi sediu al F.D.G.R.",,fosta-casa-parohiala-azi-sediu-al-f-d-g-r-brasov,,,Brașov,Brașov,cladire-istorica,"Str. Baiulescu 2",45.638438,25.585512,,,,https://thumb.wikimedia.org/wikipedia/commons/thumb/2/25/RO_BV_Bra%C8%99ov_Fosta_cas%C4%83_parohial%C4%83%2C_azi_sediu_al_F.D.G.R._2.JPG/1280px-RO_BV_Bra%C8%99ov_Fosta_cas%C4%83_parohial%C4%83%2C_azi_sediu_al_F.D.G.R._2.JPG,,"{""author"":""Firilacroco"",""license"":""CC BY-SA 3.0 ro"",""license_url"":""https://creativecommons.org/licenses/by-sa/3.0/ro/deed.en"",""source"":""https://commons.wikimedia.org/wiki/File:RO_BV_Brașov_Fosta_casă_parohială,_azi_sediu_al_F.D.G.R._2.JPG""}",BV-II-m-A-11530.02
"Chilii, Piața Unirii 2",,chilii-piata-unirii-2-brasov,,,Brașov,Brașov,cladire-istorica,"Piața Unirii 2",45.635767,25.581194,,,,,,,BV-II-m-A-11589.03
"Palatul Știrbei din Brașov",,palatul-stirbei-din-brasov-brasov,,,Brașov,Brașov,castel-palat,"Str. Crișan 5",45.6495,25.57875,,,,https://thumb.wikimedia.org/wikipedia/commons/thumb/0/0d/PalatulStirbeiBrasov.jpg/1280px-PalatulStirbeiBrasov.jpg,,"{""author"":""Whitepixels"",""license"":""CC0"",""license_url"":""http://creativecommons.org/publicdomain/zero/1.0/deed.en"",""source"":""https://commons.wikimedia.org/wiki/File:PalatulStirbeiBrasov.jpg""}",BV-II-a-A-11389
"Casă, cu fosta capelă grecească",,casa-cu-fosta-capela-greceasca-brasov,,,Brașov,Brașov,cladire-istorica,"Str. Brâncoveanu Constantin 10",45.639058,25.582476,,,,,,,BV-II-m-A-11370
"Incinta fortificată, cu turnuri, acces fortificat, și încăperi pentru provizii, anexe",,incinta-fortificata-cu-turnuri-acces-fortificat-si-incaperi-pentru-provizii-anexe-harman,,,Hărman,Brașov,cladire-istorica,"Str. Pieții 2",45.718285,25.680027,,,,,,,BV-II-m-A-11715.03
"Troița Căpitanului Ilie Birt din Brașov",,troita-capitanului-ilie-birt-din-brasov-brasov,,,Brașov,Brașov,monument,"Piața Unirii",45.63599,25.579772,,,,https://thumb.wikimedia.org/wikipedia/commons/thumb/6/69/RO_BV_Bra%C8%99ov_Troi%C8%9Ba_c%C4%83pitanului_Ilie_Birt%2C_Pia%C8%9Ba_Unirii_3.JPG/1280px-RO_BV_Bra%C8%99ov_Troi%C8%9Ba_c%C4%83pitanului_Ilie_Birt%2C_Pia%C8%9Ba_Unirii_3.JPG,,"{""author"":""Firilacroco"",""license"":""CC BY-SA 3.0 ro"",""license_url"":""https://creativecommons.org/licenses/by-sa/3.0/ro/deed.en"",""source"":""https://commons.wikimedia.org/wiki/File:RO_BV_Brașov_Troița_căpitanului_Ilie_Birt,_Piața_Unirii_3.JPG""}",BV-IV-m-A-11903
"Biserica fortificată din Hărman",,biserica-fortificata-din-harman-harman,,,Hărman,Brașov,biserica-manastire,"Str. Pieții 2",45.715544,25.684978,,,,https://thumb.wikimedia.org/wikipedia/commons/thumb/9/98/HonigbergKirchenburg1.jpg/1280px-HonigbergKirchenburg1.jpg,,"{""author"":""Oswald Engelhardt"",""license"":""CC BY-SA 3.0"",""license_url"":""http://creativecommons.org/licenses/by-sa/3.0/"",""source"":""https://commons.wikimedia.org/wiki/File:HonigbergKirchenburg1.jpg""}",BV-II-a-A-11715
"Fortificațiile Brașovului",,fortificatiile-brasovului-brasov,,,Brașov,Brașov,castel-palat,,45.642,25.59,,,,https://thumb.wikimedia.org/wikipedia/commons/thumb/4/4e/BVModel_Overview1.jpg/1280px-BVModel_Overview1.jpg,,"{""author"":""Whitepixels"",""license"":""CC0"",""license_url"":""http://creativecommons.org/publicdomain/zero/1.0/deed.en"",""source"":""https://commons.wikimedia.org/wiki/File:BVModel_Overview1.jpg""}",BV-II-a-A-11294
"Biserica Evanghelică din Blumăna",,biserica-evanghelica-din-blumana-brasov,,,Brașov,Brașov,biserica-manastire,"Str. Doctor Ion Cantacuzino nr.2-4",45.6498,25.6006,,,,https://thumb.wikimedia.org/wikipedia/commons/thumb/9/9f/RO_BV_Blumana_Saxon_Church_1.jpg/1280px-RO_BV_Blumana_Saxon_Church_1.jpg,,"{""author"":""Whitepixels"",""license"":""CC0"",""license_url"":""http://creativecommons.org/publicdomain/zero/1.0/deed.en"",""source"":""https://commons.wikimedia.org/wiki/File:RO_BV_Blumana_Saxon_Church_1.jpg""}",BV-II-a-B-11340
"Biserica evanghelică maghiară Blumăna",,biserica-evanghelica-maghiara-blumana-brasov,,,Brașov,Brașov,biserica-manastire,"Str. Maniu Iuliu 2",45.646,25.5966,,,,https://thumb.wikimedia.org/wikipedia/commons/thumb/b/b8/RO_BV_Hungarian_Lutheran_Church_2.jpg/1280px-RO_BV_Hungarian_Lutheran_Church_2.jpg,,"{""author"":""Whitepixels"",""license"":""CC0"",""license_url"":""http://creativecommons.org/publicdomain/zero/1.0/deed.en"",""source"":""https://commons.wikimedia.org/wiki/File:RO_BV_Hungarian_Lutheran_Church_2.jpg""}",BV-II-m-B-11462
"latura nord-vestică a cetății Brașov",,latura-nord-vestica-a-cetatii-brasov-brasov,,,Brașov,Brașov,piata-centru-vechi,,45.642534,25.587245,,,,,,,BV-II-m-A-11294.02
"Poarta Ecaterinei din Brașov",,poarta-ecaterinei-din-brasov-brasov,,"Monument istoric din Brașov",Brașov,Brașov,cladire-istorica,"Str. Şirul Beethowen, Brașov",45.6395,25.5861,,,,https://thumb.wikimedia.org/wikipedia/commons/thumb/4/49/Brasov%2C_porta_ecaterineu_01.JPG/1280px-Brasov%2C_porta_ecaterineu_01.JPG,,"{""author"":""sailko"",""license"":""CC BY-SA 3.0"",""license_url"":""https://creativecommons.org/licenses/by-sa/3.0"",""source"":""https://commons.wikimedia.org/wiki/File:Brasov,_porta_ecaterineu_01.JPG""}",BV-II-m-A-11294.01
"Palatul Poștelor din Brașov",,palatul-postelor-din-brasov-brasov,,"monument istoric din Brașov, România",Brașov,Brașov,cladire-istorica,"Str. Nicolae Iorga nr.1",45.6456,25.5955,,,,https://thumb.wikimedia.org/wikipedia/commons/thumb/0/00/Po%C8%99ta_Bra%C8%99ov_-_panoramio.jpg/1280px-Po%C8%99ta_Bra%C8%99ov_-_panoramio.jpg,,"{""author"":""Andrei Dan Suciu"",""license"":""CC BY 3.0"",""license_url"":""https://creativecommons.org/licenses/by/3.0"",""source"":""https://commons.wikimedia.org/wiki/File:Poșta_Brașov_-_panoramio.jpg""}",BV-II-m-B-11422
"Catedrala Mitropolitană din Iași",,catedrala-mitropolitana-din-iasi-iasi,,,Iași,Iași,biserica-manastire,"Bd. Ștefan cel Mare și Sfânt 16",47.16149,27.5821,,,,https://thumb.wikimedia.org/wikipedia/commons/thumb/8/83/Catedrala_%E2%80%9ESf._Gheorghe%E2%80%9D_%C8%99i_%E2%80%9E%C3%8Ent%C3%A2mpinarea_Domnului%E2%80%9D_%282%29.jpg/1280px-Catedrala_%E2%80%9ESf._Gheorghe%E2%80%9D_%C8%99i_%E2%80%9E%C3%8Ent%C3%A2mpinarea_Domnului%E2%80%9D_%282%29.jpg,,"{""author"":""Manole Alexandru"",""license"":""CC BY-SA 4.0"",""license_url"":""https://creativecommons.org/licenses/by-sa/4.0"",""source"":""https://commons.wikimedia.org/wiki/File:Catedrala_„Sf._Gheorghe”_și_„Întâmpinarea_Domnului”_(2).jpg""}",IS-II-m-A-04069.01
"Casa Veronica Micle, Str. Asachi Gheorghe 14",,casa-veronica-micle-str-asachi-gheorghe-14-iasi,,,Iași,Iași,cladire-istorica,"Str. Asachi Gheorghe 14",47.176335,27.573138,,,,,,,IS-II-m-B-03714
"Casa Petrovanu, Str. Asachi Gheorghe 17",,casa-petrovanu-str-asachi-gheorghe-17-iasi,,,Iași,Iași,cladire-istorica,"Str. Asachi Gheorghe 17",47.175891,27.572113,,,,,,,IS-II-m-B-03715
"Casă, Str. Bârsescu Agatha 16",,casa-str-barsescu-agatha-16-iasi,,,Iași,Iași,cladire-istorica,"Str. Bârsescu Agatha 16",47.1624069214,27.585226059,,,,,,,IS-II-m-B-03734
"Casa scriitorului Octav Botez",,casa-scriitorului-octav-botez-iasi,,,Iași,Iași,cladire-istorica,"Str. Botez Octav 1",47.171077,27.584258,,,,,,,IS-II-m-B-03747
"Casa Corsescu, Str. Botez Octav 5",,casa-corsescu-str-botez-octav-5-iasi,,,Iași,Iași,cladire-istorica,"Str. Botez Octav 5",47.171577,27.584121,,,,,,,IS-II-m-B-03751
"Casă - sediul S.C. Moldoconstruct (fostă bancă)",,casa-sediul-s-c-moldoconstruct-fosta-banca-iasi,,,Iași,Iași,cladire-istorica,"Str. Brătianu I.C. 20-22",47.164275,27.584502,,,,https://thumb.wikimedia.org/wikipedia/commons/thumb/4/42/Cas%C4%83_-_sediul_S.C._Moldoconstruct_%28fost%C4%83_banc%C4%83%29%282%29.JPG/1280px-Cas%C4%83_-_sediul_S.C._Moldoconstruct_%28fost%C4%83_banc%C4%83%29%282%29.JPG,,"{""author"":""ElenaCozma"",""license"":""CC BY-SA 3.0 ro"",""license_url"":""https://creativecommons.org/licenses/by-sa/3.0/ro/deed.en"",""source"":""https://commons.wikimedia.org/wiki/File:Casă_-_sediul_S.C._Moldoconstruct_(fostă_bancă)(2).JPG""}",IS-II-m-B-03755
"Casa Dimitrie Ghika, Bd. Carol I 3",,casa-dimitrie-ghika-bd-carol-i-3-iasi,,,Iași,Iași,cladire-istorica,"Bd. Carol I 3",47.171643,27.574374,,,,,,,IS-II-m-B-03779
"Casa C. B. Pencescu, Bd. Carol I 7",,casa-c-b-pencescu-bd-carol-i-7-iasi,,,Iași,Iași,cladire-istorica,"Bd. Carol I 7",47.172437,27.57365,,,,,,,IS-II-m-B-03781
"Casa Costin Catargiu, azi sediu Facultatea de Istorie",,casa-costin-catargiu-azi-sediu-facultatea-de-istorie-iasi,,,Iași,Iași,cladire-istorica,"Bd. Carol I 24",47.175321,27.572271,,,,,,,IS-II-m-B-03787
"Casa Racoviță (Micul Trianon)",,casa-racovita-micul-trianon-iasi,,"Sediul Centrului Cultural Francez (redenumit Institutul Francez) între 1991-2025",Iași,Iași,cladire-istorica,"Bd. Carol I 26",47.176697,27.571493,,,,https://thumb.wikimedia.org/wikipedia/commons/thumb/f/f6/French_Cultural_Center_2._JPG.JPG/1280px-French_Cultural_Center_2._JPG.JPG,,"{""author"":""Argenna"",""license"":""CC BY-SA 3.0"",""license_url"":""https://creativecommons.org/licenses/by-sa/3.0"",""source"":""https://commons.wikimedia.org/wiki/File:French_Cultural_Center_2._JPG.JPG""}",IS-II-m-B-03789
"Casa Sturdza - E. Diaconescu, azi sediu Camera de Comerț",,casa-sturdza-e-diaconescu-azi-sediu-camera-de-comert-iasi,,,Iași,Iași,cladire-istorica,"Bd. Carol I 27",47.177163,27.56968,,,,,,,IS-II-m-B-03790
"Casă (locuințe și spații comerciale)",,casa-locuinte-si-spatii-comerciale-iasi,,,Iași,Iași,cladire-istorica,"Str. Cuza Vodă 1",47.164865,27.581594,,,,https://thumb.wikimedia.org/wikipedia/commons/thumb/a/a7/Libraria_Junimea.jpg/1280px-Libraria_Junimea.jpg,,"{""author"":""Cezar Suceveanu"",""license"":""CC BY 3.0"",""license_url"":""https://creativecommons.org/licenses/by/3.0"",""source"":""https://commons.wikimedia.org/wiki/File:Libraria_Junimea.jpg""}",IS-II-m-B-03836
"Casă, Str. Cuza Vodă 11",,casa-str-cuza-voda-11-iasi,,,Iași,Iași,cladire-istorica,"Str. Cuza Vodă 11",47.164815,27.583521,,,,,,,IS-II-m-B-03844
"Casă, Str. Cuza Vodă 45",,casa-str-cuza-voda-45-iasi,,,Iași,Iași,cladire-istorica,"Str. Cuza Vodă 45",47.164102,27.588762,,,,,,,IS-II-m-B-03851
"Casă, Str. Maiorescu Titu 1",,casa-str-maiorescu-titu-1-iasi,,,Iași,Iași,cladire-istorica,"Str. Maiorescu Titu 1",47.176348,27.569724,,,,,,,IS-II-m-B-03933
"Casa călăului (Casa Moruzi)",,casa-calaului-casa-moruzi-iasi,,,Iași,Iași,cladire-istorica,"Str. Manta Roșie 17",47.132248,27.596722,,,,,,,IS-II-m-B-03939
"Casă, Str. Sf. Sava 9",,casa-str-sf-sava-9-iasi,,,Iași,Iași,cladire-istorica,"Str. Sf. Sava 9",47.16271,27.587238,,,,,,,IS-II-m-B-04050
"Casă, Str. Sf. Sava 17",,casa-str-sf-sava-17-iasi,,,Iași,Iași,cladire-istorica,"Str. Sf. Sava 17",47.162933,27.588317,,,,,,,IS-II-m-B-04051
"Bojdeuca lui Ion Creangă, Str. Bărnuțiu Simion 4",,bojdeuca-lui-ion-creanga-str-barnutiu-simion-4-iasi,,,Iași,Iași,cladire-istorica,"Str. Bărnuțiu Simion 4",47.175005,27.582986,,,,https://upload.wikimedia.org/wikipedia/commons/c/cb/Bojdeuca_iasi.JPG,,"{""author"":""Alesia17"",""license"":""CC BY 3.0"",""license_url"":""https://creativecommons.org/licenses/by/3.0"",""source"":""https://commons.wikimedia.org/wiki/File:Bojdeuca_iasi.JPG""}",IS-IV-m-B-04328
"Casa Cantacuzino-Pașcanu din Iași",,casa-cantacuzino-pascanu-din-iasi-iasi,,,Iași,Iași,cladire-istorica,"Bd. Carol I 2",47.176832,27.576198,,,,https://thumb.wikimedia.org/wikipedia/commons/thumb/7/7b/Ia%C5%9Fi_%2C_Children%27s_Palace.JPG/1280px-Ia%C5%9Fi_%2C_Children%27s_Palace.JPG,,"{""author"":""Argenna"",""license"":""CC BY-SA 3.0"",""license_url"":""https://creativecommons.org/licenses/by-sa/3.0"",""source"":""https://commons.wikimedia.org/wiki/File:Iaşi_,_Children's_Palace.JPG""}",IS-II-m-B-03778
"Casa General Henri Mathias Berthelot din Iași",,casa-general-henri-mathias-berthelot-din-iasi-iasi,,,Iași,Iași,cladire-istorica,"Str. Berthelot Henri M., general 18",47.173764,27.574406,,,,https://thumb.wikimedia.org/wikipedia/commons/thumb/7/79/Casa_Berthelot_din_Iasi1.jpg/1280px-Casa_Berthelot_din_Iasi1.jpg,,"{""author"":""Cezar Suceveanu"",""license"":""CC BY-SA 3.0"",""license_url"":""https://creativecommons.org/licenses/by-sa/3.0"",""source"":""https://commons.wikimedia.org/wiki/File:Casa_Berthelot_din_Iasi1.jpg""}",IS-II-m-B-03741
"Casa de la cinci drumuri, Str. Elena Doamna 15",,casa-de-la-cinci-drumuri-str-elena-doamna-15-iasi,,,Iași,Iași,cladire-istorica,"Str. Elena Doamna 15",47.163478,27.594302,,,,https://thumb.wikimedia.org/wikipedia/commons/thumb/a/a6/Casa_de_la_cinci_drumuri.jpg/1280px-Casa_de_la_cinci_drumuri.jpg,,"{""author"":""Cezar Suceveanu"",""license"":""CC BY 3.0"",""license_url"":""https://creativecommons.org/licenses/by/3.0"",""source"":""https://commons.wikimedia.org/wiki/File:Casa_de_la_cinci_drumuri.jpg""}",IS-II-m-B-03861
"Casa Burchi-Septilici, Str. Zmeu 3",,casa-burchi-septilici-str-zmeu-3-iasi,,,Iași,Iași,cladire-istorica,"Str. Zmeu 3",47.159687,27.595781,,,,https://upload.wikimedia.org/wikipedia/commons/2/23/Burchi-Septilici.jpg,,"{""author"":""Unknown authorUnknown author"",""license"":""CC BY-SA 3.0"",""license_url"":""https://creativecommons.org/licenses/by-sa/3.0"",""source"":""https://commons.wikimedia.org/wiki/File:Burchi-Septilici.jpg""}",IS-II-m-B-04096
"Casa Theodor Burada din Iași",,casa-theodor-burada-din-iasi-iasi,,,Iași,Iași,cladire-istorica,"Str. Burada Teodor T. 4",47.166256,27.584784,,,,https://thumb.wikimedia.org/wikipedia/commons/thumb/a/a4/Casa_Theodor_Burada.JPG/1280px-Casa_Theodor_Burada.JPG,,"{""author"":""ElenaCozma"",""license"":""CC BY-SA 4.0"",""license_url"":""https://creativecommons.org/licenses/by-sa/4.0"",""source"":""https://commons.wikimedia.org/wiki/File:Casa_Theodor_Burada.JPG""}",IS-II-m-B-03763
"Casa de pe Str. Săulescu nr. 13 din Iași",,casa-de-pe-str-saulescu-nr-13-din-iasi-iasi,,,Iași,Iași,cladire-istorica,"Str. Săulescu 13",47.164465,27.578677,,,,https://thumb.wikimedia.org/wikipedia/commons/thumb/e/e3/Str._Saulescu_nr.13%2C_Iasi.JPG/1280px-Str._Saulescu_nr.13%2C_Iasi.JPG,,"{""author"":""Cosmo28"",""license"":""CC BY-SA 3.0 ro"",""license_url"":""https://creativecommons.org/licenses/by-sa/3.0/ro/deed.en"",""source"":""https://commons.wikimedia.org/wiki/File:Str._Saulescu_nr.13,_Iasi.JPG""}",IS-II-m-B-04033
"Casa Asigurării Meșteșugarilor din Iași",,casa-asigurarii-mestesugarilor-din-iasi-iasi,,,Iași,Iași,cladire-istorica,"Bd. Independenței 6-8",47.1687,27.5798,,,,https://thumb.wikimedia.org/wikipedia/commons/thumb/e/ef/Casa_Asigur%C4%83rii_Me%C5%9Fte%C5%9Fugarilor.jpg/1280px-Casa_Asigur%C4%83rii_Me%C5%9Fte%C5%9Fugarilor.jpg,,"{""author"":""skimpyro"",""license"":""CC BY-SA 4.0"",""license_url"":""https://creativecommons.org/licenses/by-sa/4.0"",""source"":""https://commons.wikimedia.org/wiki/File:Casa_Asigurării_Meşteşugarilor.jpg""}",IS-II-m-B-03916
"Colegiul „Costache Negruzzi” din Iași",,colegiul-costache-negruzzi-din-iasi-iasi,,"liceu din Iași, România",Iași,Iași,cladire-istorica,"Str. Cozma Toma 4",47.17302778,27.5695,,,,https://thumb.wikimedia.org/wikipedia/commons/thumb/0/0d/Ia%C5%9Fi_%2C_National_College_%E2%80%9ECostache_Negruzzi%E2%80%9C_1.jpg/1280px-Ia%C5%9Fi_%2C_National_College_%E2%80%9ECostache_Negruzzi%E2%80%9C_1.jpg,,"{""author"":""Argenna"",""license"":""CC BY-SA 3.0"",""license_url"":""https://creativecommons.org/licenses/by-sa/3.0"",""source"":""https://commons.wikimedia.org/wiki/File:Iaşi_,_National_College_„Costache_Negruzzi“_1.jpg""}",IS-II-m-B-03827
"Casa revistei Viața Romînească",,casa-revistei-viata-romineasca-iasi,,,Iași,Iași,cladire-istorica,"Str. Vasile Alecsandri 6",47.17034,27.582335,,,,,,,IS-II-m-B-03704
"Ateneul armenesc, azi Casa parohială a Bisericii Armenești",,ateneul-armenesc-azi-casa-parohiala-a-bisericii-armenesti-iasi,,,Iași,Iași,cladire-istorica,"Str. Armeană 20",47.16205,27.588906,,,,,,,IS-II-m-B-03712
"Casa Asigurărilor de Sănătate",,casa-asigurarilor-de-sanatate-iasi,,,Iași,Iași,cladire-istorica,"Str. Asachi Gheorghe 18, 20",47.175954,27.571545,,,,https://thumb.wikimedia.org/wikipedia/commons/thumb/d/d3/Casa_Asigur%C4%83rilor_de_S%C4%83n%C4%83tate_%281%29.jpg/1280px-Casa_Asigur%C4%83rilor_de_S%C4%83n%C4%83tate_%281%29.jpg,,"{""author"":""Manole Alexandru"",""license"":""CC BY-SA 4.0"",""license_url"":""https://creativecommons.org/licenses/by-sa/4.0"",""source"":""https://commons.wikimedia.org/wiki/File:Casa_Asigurărilor_de_Sănătate_(1).jpg""}",IS-II-m-B-03716
"Spitalul Militar Corp Vechi",,spitalul-militar-corp-vechi-iasi,,,Iași,Iași,cladire-istorica,"Bd. Carol I 6",47.17263,27.574884,,,,,,,IS-II-m-B-03780.01
"Vila „Sonet”, Str. Rece 5",,vila-sonet-str-rece-5-iasi,,,Iași,Iași,cladire-istorica,"Str. Rece 5",47.167777,27.5870989,,,,https://thumb.wikimedia.org/wikipedia/commons/thumb/8/84/Ia%C5%9Fi_%2C_Memorial_House_%E2%80%9EMihai_Codreanu%E2%80%9C_%28Sonnet_Villa%291.1.jpg/1280px-Ia%C5%9Fi_%2C_Memorial_House_%E2%80%9EMihai_Codreanu%E2%80%9C_%28Sonnet_Villa%291.1.jpg,,"{""author"":""Argenna"",""license"":""CC BY-SA 3.0"",""license_url"":""https://creativecommons.org/licenses/by-sa/3.0"",""source"":""https://commons.wikimedia.org/wiki/File:Iaşi_,_Memorial_House_„Mihai_Codreanu“_(Sonnet_Villa)1.1.jpg""}",IS-IV-m-B-04360
"Palatul Culturii din Iași",,palatul-culturii-din-iasi-iasi,,"clădire emblematică",Iași,Iași,castel-palat,"Piața Palat 1",47.15739,27.58695,,,,https://thumb.wikimedia.org/wikipedia/commons/thumb/a/af/2020_04_17_Ia%C8%99i_Palatul_Culturii.jpg/1280px-2020_04_17_Ia%C8%99i_Palatul_Culturii.jpg,,"{""author"":""KittyKaliNeo"",""license"":""CC BY-SA 4.0"",""license_url"":""https://creativecommons.org/licenses/by-sa/4.0"",""source"":""https://commons.wikimedia.org/wiki/File:2020_04_17_Iași_Palatul_Culturii.jpg""}",IS-II-a-A-03957
"Palatul Sturdza de la Miroslava",,palatul-sturdza-de-la-miroslava-iasi,,,Iași,Iași,castel-palat,,47.151596,27.522231,,,,,,,IS-II-m-B-04204
"Palatul Braunstein, Str. Cuza Vodă nr. 2",,palatul-braunstein-str-cuza-voda-nr-2-iasi,,,Iași,Iași,castel-palat,"Str. Cuza Vodă nr. 2",47.165449,27.580457,,,,https://thumb.wikimedia.org/wikipedia/commons/thumb/c/c3/RO_IS_Iasi_%2C_Braunstein_Palace.jpg/1280px-RO_IS_Iasi_%2C_Braunstein_Palace.jpg,,"{""author"":""Argenna"",""license"":""CC BY 3.0"",""license_url"":""https://creativecommons.org/licenses/by/3.0"",""source"":""https://commons.wikimedia.org/wiki/File:RO_IS_Iasi_,_Braunstein_Palace.jpg""}",IS-II-m-B-03837
"Palatul Grigore Sturdza din Iași",,palatul-grigore-sturdza-din-iasi-iasi,,"monument istoric din Iași, România",Iași,Iași,castel-palat,"Str. Catargiu Lascăr 33",47.173404,27.578086,,,,https://thumb.wikimedia.org/wikipedia/commons/thumb/3/3e/Palatul_Grigore_Sturdza_1.JPG/1280px-Palatul_Grigore_Sturdza_1.JPG,,"{""author"":""ElenaCozma"",""license"":""CC BY-SA 3.0 ro"",""license_url"":""https://creativecommons.org/licenses/by-sa/3.0/ro/deed.en"",""source"":""https://commons.wikimedia.org/wiki/File:Palatul_Grigore_Sturdza_1.JPG""}",IS-II-m-B-03797
"Palatul Neuschotz, Str. Cuza Vodă nr. 2",,palatul-neuschotz-str-cuza-voda-nr-2-iasi,,,Iași,Iași,castel-palat,"Str. Cuza Vodă nr. 2",47.165194,27.581145,,,,https://thumb.wikimedia.org/wikipedia/commons/thumb/9/9b/Palatul_Neuschotz.jpg/1280px-Palatul_Neuschotz.jpg,,"{""author"":""Cezar Suceveanu"",""license"":""CC BY 3.0"",""license_url"":""https://creativecommons.org/licenses/by/3.0"",""source"":""https://commons.wikimedia.org/wiki/File:Palatul_Neuschotz.jpg""}",IS-II-m-B-03838
"Palatul de vară a lui Ioniță Sandu Sturza",,palatul-de-vara-a-lui-ionita-sandu-sturza-iasi,,,Iași,Iași,castel-palat,"Str. Viticultorilor 30",47.197626,27.545657,,,,,,,IS-II-m-B-04089
"Biserica „Sf. Nicolae” și „Sf. Voievozi”",,biserica-sf-nicolae-si-sf-voievozi-iasi,,,Iași,Iași,biserica-manastire,,47.110113,27.50491,,,,,,,IS-II-m-B-04130
"Biserica Bărboi",,biserica-barboi-iasi,,,Iași,Iași,biserica-manastire,,47.1628,27.5931,,,,https://thumb.wikimedia.org/wikipedia/commons/thumb/a/a8/Biserica_Barboi8.jpg/1280px-Biserica_Barboi8.jpg,,"{""author"":""Cezar Suceveanu"",""license"":""CC BY 3.0"",""license_url"":""https://creativecommons.org/licenses/by/3.0"",""source"":""https://commons.wikimedia.org/wiki/File:Biserica_Barboi8.jpg""}",IS-II-a-A-03730
"Mănăstirea Frumoasa din Iași",,manastirea-frumoasa-din-iasi-iasi,,,Iași,Iași,biserica-manastire,"Str. Radu Vodă 1",47.139271864019,27.587369009147,,,,https://thumb.wikimedia.org/wikipedia/commons/thumb/3/3d/M%C4%83n%C4%83stirea_Frumoasa3.jpg/1280px-M%C4%83n%C4%83stirea_Frumoasa3.jpg,,"{""author"":""Cezar Suceveanu"",""license"":""CC BY 3.0"",""license_url"":""https://creativecommons.org/licenses/by/3.0"",""source"":""https://commons.wikimedia.org/wiki/File:Mănăstirea_Frumoasa3.jpg""}",IS-II-a-A-04006
"Mănăstirea Hlincea",,manastirea-hlincea-iasi,,,Iași,Iași,biserica-manastire,,47.1114239,27.5821584,,,,https://thumb.wikimedia.org/wikipedia/commons/thumb/c/c8/M%C4%83n%C4%83stirea_Hlincea.jpg/1280px-M%C4%83n%C4%83stirea_Hlincea.jpg,,"{""author"":""Cezar Suceveanu. Original uploader was Cezarika1 at ro.wikipedia"",""license"":""Public domain"",""license_url"":"""",""source"":""https://commons.wikimedia.org/wiki/File:Mănăstirea_Hlincea.jpg""}",IS-II-a-A-04180
"Biserica Schimbarea la Față - Socola din Iași",,biserica-schimbarea-la-fata-socola-din-iasi-iasi,,,Iași,Iași,biserica-manastire,,47.1289,27.6135,,,,https://thumb.wikimedia.org/wikipedia/commons/thumb/0/09/Biserica_Socola.jpg/1280px-Biserica_Socola.jpg,,"{""author"":""Cezar Suceveanu"",""license"":""CC BY 3.0"",""license_url"":""https://creativecommons.org/licenses/by/3.0"",""source"":""https://commons.wikimedia.org/wiki/File:Biserica_Socola.jpg""}",IS-II-m-A-03757
"Biserica Albă din Iași",,biserica-alba-din-iasi-iasi,,,Iași,Iași,biserica-manastire,,47.1628,27.59545,,,,https://thumb.wikimedia.org/wikipedia/commons/thumb/d/dc/Biserica_Alba_din_Iasi11.jpg/1280px-Biserica_Alba_din_Iasi11.jpg,,"{""author"":""Cezar Suceveanu"",""license"":""CC BY 3.0"",""license_url"":""https://creativecommons.org/licenses/by/3.0"",""source"":""https://commons.wikimedia.org/wiki/File:Biserica_Alba_din_Iasi11.jpg""}",IS-II-m-B-03693
"Biserica Armenească din Iași",,biserica-armeneasca-din-iasi-iasi,,,Iași,Iași,biserica-manastire,"Str. Armeană 22",47.1624,27.589,,,,https://thumb.wikimedia.org/wikipedia/commons/thumb/b/b1/Biserica_armeneasca_din_Iasi.jpg/1280px-Biserica_armeneasca_din_Iasi.jpg,,"{""author"":""Cezar Suceveanu"",""license"":""CC BY 3.0"",""license_url"":""https://creativecommons.org/licenses/by/3.0"",""source"":""https://commons.wikimedia.org/wiki/File:Biserica_armeneasca_din_Iasi.jpg""}",IS-II-m-B-03713
"Biserica Buna Vestire din Iași",,biserica-buna-vestire-din-iasi-iasi,,,Iași,Iași,biserica-manastire,"Str. Sulfinei 12",47.1717,27.5807,,,,https://thumb.wikimedia.org/wikipedia/commons/thumb/a/a4/Biserica_Buna_Vestire_Iasi_02.JPG/1280px-Biserica_Buna_Vestire_Iasi_02.JPG,,"{""author"":""Losy"",""license"":""CC BY-SA 3.0 ro"",""license_url"":""https://creativecommons.org/licenses/by-sa/3.0/ro/deed.en"",""source"":""https://commons.wikimedia.org/wiki/File:Biserica_Buna_Vestire_Iasi_02.JPG""}",IS-II-m-B-04061
"Biserica Cuvioasa Parascheva din Iași",,biserica-cuvioasa-parascheva-din-iasi-iasi,,,Iași,Iași,biserica-manastire,"Str. Păcurari 6",47.17043,27.57475,,,,https://thumb.wikimedia.org/wikipedia/commons/thumb/8/83/Biserica_Cuvioasa_Parascheva_din_Iasi.jpg/1280px-Biserica_Cuvioasa_Parascheva_din_Iasi.jpg,,"{""author"":""Cezar Suceveanu"",""license"":""CC BY 3.0"",""license_url"":""https://creativecommons.org/licenses/by/3.0"",""source"":""https://commons.wikimedia.org/wiki/File:Biserica_Cuvioasa_Parascheva_din_Iasi.jpg""}",IS-II-m-B-03965
"Biserica Mitocul Maicilor din Iași",,biserica-mitocul-maicilor-din-iasi-iasi,,,Iași,Iași,biserica-manastire,,47.1677,27.58,,,,https://thumb.wikimedia.org/wikipedia/commons/thumb/3/39/Biserica_Mitocul_Maicilor_din_Iasi.jpg/1280px-Biserica_Mitocul_Maicilor_din_Iasi.jpg,,"{""author"":""Cezar Suceveanu"",""license"":""CC BY 3.0"",""license_url"":""https://creativecommons.org/licenses/by/3.0"",""source"":""https://commons.wikimedia.org/wiki/File:Biserica_Mitocul_Maicilor_din_Iasi.jpg""}",IS-II-m-B-04082
"Biserica Sfinții 40 de Mucenici din Iași",,biserica-sfintii-40-de-mucenici-din-iasi-iasi,,,Iași,Iași,biserica-manastire,"Str. Berthelot Henri M., general 12",47.1737569444,27.5753888889,,,,https://thumb.wikimedia.org/wikipedia/commons/thumb/d/da/RO_IS_Forty_martyrs_church.jpeg/1280px-RO_IS_Forty_martyrs_church.jpeg,,"{""author"":""Andrei Stroe"",""license"":""CC BY 3.0"",""license_url"":""https://creativecommons.org/licenses/by/3.0"",""source"":""https://commons.wikimedia.org/wiki/File:RO_IS_Forty_martyrs_church.jpeg""}",IS-II-m-B-03740
"Biserica Sfinții Teodori din Iași",,biserica-sfintii-teodori-din-iasi-iasi,,,Iași,Iași,biserica-manastire,"Str. Sfântul Teodor 14",47.16714,27.58759,,,,https://thumb.wikimedia.org/wikipedia/commons/thumb/1/16/RO_%2C_IS_%2C_Ia%C5%9Fi_%2C_Saints_Theodore_Church.JPG/1280px-RO_%2C_IS_%2C_Ia%C5%9Fi_%2C_Saints_Theodore_Church.JPG,,"{""author"":""Argenna"",""license"":""CC BY 3.0"",""license_url"":""https://creativecommons.org/licenses/by/3.0"",""source"":""https://commons.wikimedia.org/wiki/File:RO_,_IS_,_Iaşi_,_Saints_Theodore_Church.JPG""}",IS-II-m-B-04054
"Biserica Sfântul Gheorghe - Mitropolia Veche din Iași",,biserica-sfantul-gheorghe-mitropolia-veche-din-iasi-iasi,,,Iași,Iași,biserica-manastire,"Bd. Ștefan cel Mare și Sfânt 16",47.16114,27.58311,,,,https://thumb.wikimedia.org/wikipedia/commons/thumb/9/9a/Catedrala_veche_din_Iasi41.jpg/1280px-Catedrala_veche_din_Iasi41.jpg,,"{""author"":""Cezar Suceveanu"",""license"":""CC BY 3.0"",""license_url"":""https://creativecommons.org/licenses/by/3.0"",""source"":""https://commons.wikimedia.org/wiki/File:Catedrala_veche_din_Iasi41.jpg""}",IS-II-m-A-04069.02
"Biserica Sfântul Haralambie din Iași",,biserica-sfantul-haralambie-din-iasi-iasi,,,Iași,Iași,biserica-manastire,"Str. Botez Octav 4",47.171381,27.584315,,,,https://thumb.wikimedia.org/wikipedia/commons/thumb/9/94/RO%2C_IS%2C_Saint_Haralambie_Church.JPG/1280px-RO%2C_IS%2C_Saint_Haralambie_Church.JPG,,"{""author"":""Argenna"",""license"":""CC BY 3.0"",""license_url"":""https://creativecommons.org/licenses/by/3.0"",""source"":""https://commons.wikimedia.org/wiki/File:RO,_IS,_Saint_Haralambie_Church.JPG""}",IS-II-m-B-03750
"Biserica Sfântul Nicolae-Ciurchi din Iași",,biserica-sfantul-nicolae-ciurchi-din-iasi-iasi,,,Iași,Iași,biserica-manastire,"Str. Vasile Lupu 70",47.1595,27.609,,,,https://thumb.wikimedia.org/wikipedia/commons/thumb/f/f9/RO%2C_IS_%2C_Iasi_%2C_Saint_Nicholas_Ciurchi_Church.JPG/1280px-RO%2C_IS_%2C_Iasi_%2C_Saint_Nicholas_Ciurchi_Church.JPG,,"{""author"":""Argenna"",""license"":""CC BY 3.0"",""license_url"":""https://creativecommons.org/licenses/by/3.0"",""source"":""https://commons.wikimedia.org/wiki/File:RO,_IS_,_Iasi_,_Saint_Nicholas_Ciurchi_Church.JPG""}",IS-II-m-B-20932
"Biserica Sfântul Ioan Botezătorul din Iași",,biserica-sfantul-ioan-botezatorul-din-iasi-iasi,,,Iași,Iași,biserica-manastire,"Str. Brătianu I.C. 14",47.16514,27.584642,,,,https://thumb.wikimedia.org/wikipedia/commons/thumb/6/6c/Biserica_Sf._Ioan_Botezatorul_din_Iasi26.jpg/1280px-Biserica_Sf._Ioan_Botezatorul_din_Iasi26.jpg,,"{""author"":""Cezar Suceveanu"",""license"":""CC BY 3.0"",""license_url"":""https://creativecommons.org/licenses/by/3.0"",""source"":""https://commons.wikimedia.org/wiki/File:Biserica_Sf._Ioan_Botezatorul_din_Iasi26.jpg""}",IS-II-m-B-03753
"Biserica Sfântul Nicolae Domnesc din Iași",,biserica-sfantul-nicolae-domnesc-din-iasi-iasi,,,Iași,Iași,biserica-manastire,"Str. Panu Anastasie 65",47.15884,27.5873,,,,https://thumb.wikimedia.org/wikipedia/commons/thumb/e/e6/Biserica_Sf._Nicolae_Domnesc_din_Iasi16.jpg/1280px-Biserica_Sf._Nicolae_Domnesc_din_Iasi16.jpg,,"{""author"":""Cezar Suceveanu"",""license"":""CC BY 3.0"",""license_url"":""https://creativecommons.org/licenses/by/3.0"",""source"":""https://commons.wikimedia.org/wiki/File:Biserica_Sf._Nicolae_Domnesc_din_Iasi16.jpg""}",IS-II-m-B-03962
"Biserica Sfântul Sava din Iași",,biserica-sfantul-sava-din-iasi-iasi,,,Iași,Iași,biserica-manastire,"Str. Negri Costache 44",47.16167,27.58861,,,,https://thumb.wikimedia.org/wikipedia/commons/thumb/a/a6/RO%2C_IS%2C_Iasi_%2C_Saint_Sava_Church_1.JPG/1280px-RO%2C_IS%2C_Iasi_%2C_Saint_Sava_Church_1.JPG,,"{""author"":""Argenna"",""license"":""CC BY 3.0"",""license_url"":""https://creativecommons.org/licenses/by/3.0"",""source"":""https://commons.wikimedia.org/wiki/File:RO,_IS,_Iasi_,_Saint_Sava_Church_1.JPG""}",IS-II-a-A-03954
"Biserica Talpalari, Str. Tălpălari 3",,biserica-talpalari-str-talpalari-3-iasi,,,Iași,Iași,biserica-manastire,"Str. Tălpălari 3",47.16544,27.57828,,,,https://thumb.wikimedia.org/wikipedia/commons/thumb/5/52/Biserica_Talpalari21.jpg/1280px-Biserica_Talpalari21.jpg,,"{""author"":""Cezar Suceveanu"",""license"":""CC BY 3.0"",""license_url"":""https://creativecommons.org/licenses/by/3.0"",""source"":""https://commons.wikimedia.org/wiki/File:Biserica_Talpalari21.jpg""}",IS-II-m-B-04078
"Biserica Sfântul Spiridon din Iași",,biserica-sfantul-spiridon-din-iasi-iasi,,,Iași,Iași,biserica-manastire,"Bd. Independenței 1",47.1682,27.5825,,,,https://thumb.wikimedia.org/wikipedia/commons/thumb/4/47/RO_%2C_IS%2C_Saint_Spiridon_Church_2.JPG/1280px-RO_%2C_IS%2C_Saint_Spiridon_Church_2.JPG,,"{""author"":""Argenna"",""license"":""CC BY-SA 3.0"",""license_url"":""https://creativecommons.org/licenses/by-sa/3.0"",""source"":""https://commons.wikimedia.org/wiki/File:RO_,_IS,_Saint_Spiridon_Church_2.JPG""}",IS-II-m-B-03914.01
"Biserica Toma Cozma, Str. Școalei 4",,biserica-toma-cozma-str-scoalei-4-iasi,,,Iași,Iași,biserica-manastire,"Str. Școalei 4",47.17345,27.565,,,,https://thumb.wikimedia.org/wikipedia/commons/thumb/f/fa/Biserica_Toma_Cozma_01.JPG/1280px-Biserica_Toma_Cozma_01.JPG,,"{""author"":""Losy"",""license"":""CC BY-SA 3.0 ro"",""license_url"":""https://creativecommons.org/licenses/by-sa/3.0/ro/deed.en"",""source"":""https://commons.wikimedia.org/wiki/File:Biserica_Toma_Cozma_01.JPG""}",IS-II-m-B-04063.01
"Biserica lipovenească din Iași",,biserica-lipoveneasca-din-iasi-iasi,,,Iași,Iași,biserica-manastire,,47.15318,27.586051,,,,https://thumb.wikimedia.org/wikipedia/commons/thumb/b/bc/Biserica_lipoveneasca_din_Iasi30.jpg/1280px-Biserica_lipoveneasca_din_Iasi30.jpg,,"{""author"":""Cezar Suceveanu"",""license"":""CC BY 3.0"",""license_url"":""https://creativecommons.org/licenses/by/3.0"",""source"":""https://commons.wikimedia.org/wiki/File:Biserica_lipoveneasca_din_Iasi30.jpg""}",IS-II-m-B-04060
"Biserica romano-catolică Adormirea Maicii Domnului din Iași",,biserica-romano-catolica-adormirea-maicii-domnului-din-iasi-iasi,,,Iași,Iași,biserica-manastire,"Bd. Ștefan cel Mare și Sfânt 26",47.1600361,27.5835,,,,https://thumb.wikimedia.org/wikipedia/commons/thumb/f/ff/RO_IS_Roman_Catholic_cathedral.jpeg/1280px-RO_IS_Roman_Catholic_cathedral.jpeg,,"{""author"":""Andrei Stroe"",""license"":""CC BY 3.0"",""license_url"":""https://creativecommons.org/licenses/by/3.0"",""source"":""https://commons.wikimedia.org/wiki/File:RO_IS_Roman_Catholic_cathedral.jpeg""}",IS-II-m-A-04074
"Biserica Banu din Iași, Str. Banu 9",,biserica-banu-din-iasi-str-banu-9-iasi,,,Iași,Iași,biserica-manastire,"Str. Banu 9",47.167666,27.577883,,,,https://thumb.wikimedia.org/wikipedia/commons/thumb/d/db/Biserica_Banu_din_Iasi.JPG/1280px-Biserica_Banu_din_Iasi.JPG,,"{""author"":""Ione.pomana"",""license"":""CC BY-SA 3.0 ro"",""license_url"":""https://creativecommons.org/licenses/by-sa/3.0/ro/deed.en"",""source"":""https://commons.wikimedia.org/wiki/File:Biserica_Banu_din_Iasi.JPG""}",IS-II-m-B-03945
"Biserica Curelari, Str. Curelari 2",,biserica-curelari-str-curelari-2-iasi,,,Iași,Iași,biserica-manastire,"Str. Curelari 2",47.1665,27.5908,,,,https://thumb.wikimedia.org/wikipedia/commons/thumb/c/cb/Biserica_Curelari_Iasi_02.JPG/1280px-Biserica_Curelari_Iasi_02.JPG,,"{""author"":""Losy"",""license"":""CC BY-SA 3.0 ro"",""license_url"":""https://creativecommons.org/licenses/by-sa/3.0/ro/deed.en"",""source"":""https://commons.wikimedia.org/wiki/File:Biserica_Curelari_Iasi_02.JPG""}",IS-II-m-B-03834
"Biserica Sfântul Dumitru-Balș din Iași",,biserica-sfantul-dumitru-bals-din-iasi-iasi,,,Iași,Iași,biserica-manastire,"Str. 14 Decembrie 1989 15",47.16426,27.58256,,,,https://thumb.wikimedia.org/wikipedia/commons/thumb/7/70/Biserica_Sf._Dumitru_Bals_din_Iasi.jpg/1280px-Biserica_Sf._Dumitru_Bals_din_Iasi.jpg,,"{""author"":""Cezar Suceveanu"",""license"":""CC BY 3.0"",""license_url"":""https://creativecommons.org/licenses/by/3.0"",""source"":""https://commons.wikimedia.org/wiki/File:Biserica_Sf._Dumitru_Bals_din_Iasi.jpg""}",IS-II-a-A-03691
"Biserica Sfântul Gheorghe - Lozonschi din Iași",,biserica-sfantul-gheorghe-lozonschi-din-iasi-iasi,,,Iași,Iași,biserica-manastire,"Str. Cloșca 2",47.163,27.5796,,,,https://thumb.wikimedia.org/wikipedia/commons/thumb/b/b5/Biserica_Sf._Gheorghe_Lozonschi_din_Iasi5.jpg/1280px-Biserica_Sf._Gheorghe_Lozonschi_din_Iasi5.jpg,,"{""author"":""Cezar Suceveanu"",""license"":""CC BY 3.0"",""license_url"":""https://creativecommons.org/licenses/by/3.0"",""source"":""https://commons.wikimedia.org/wiki/File:Biserica_Sf._Gheorghe_Lozonschi_din_Iasi5.jpg""}",IS-II-m-B-03807
"Biserica Barnovschi, Str. Ghica Vodă 26",,biserica-barnovschi-str-ghica-voda-26-iasi,,,Iași,Iași,biserica-manastire,"Str. Ghica Vodă 26",47.16028976,27.59329987,,,,https://thumb.wikimedia.org/wikipedia/commons/thumb/4/49/Biserica_Barnovschi20.jpg/1280px-Biserica_Barnovschi20.jpg,,"{""author"":""Cezar Suceveanu"",""license"":""CC BY 3.0"",""license_url"":""https://creativecommons.org/licenses/by/3.0"",""source"":""https://commons.wikimedia.org/wiki/File:Biserica_Barnovschi20.jpg""}",IS-II-a-A-03907
"Biserica Nicoriță, Str. Nicoriță 1",,biserica-nicorita-str-nicorita-1-iasi,,,Iași,Iași,biserica-manastire,"Str. Nicoriță 1",47.16167,27.60237,,,,https://thumb.wikimedia.org/wikipedia/commons/thumb/a/ae/Biserica_Nicoriata_Iasi_02.JPG/1280px-Biserica_Nicoriata_Iasi_02.JPG,,"{""author"":""Losy"",""license"":""CC BY-SA 3.0 ro"",""license_url"":""https://creativecommons.org/licenses/by-sa/3.0/ro/deed.en"",""source"":""https://commons.wikimedia.org/wiki/File:Biserica_Nicoriata_Iasi_02.JPG""}",IS-II-m-B-03956
"Biserica Sfânta Treime din Iași",,biserica-sfanta-treime-din-iasi-iasi,,,Iași,Iași,biserica-manastire,"Str. Canta 2",47.17379,27.550653,,,,https://thumb.wikimedia.org/wikipedia/commons/thumb/0/04/Is_iasi_bisSfTreime_01.JPG/1280px-Is_iasi_bisSfTreime_01.JPG,,"{""author"":""ro:Utilizator:Losy"",""license"":""CC BY 2.5"",""license_url"":""https://creativecommons.org/licenses/by/2.5"",""source"":""https://commons.wikimedia.org/wiki/File:Is_iasi_bisSfTreime_01.JPG""}",IS-II-m-B-03765
"Biserica Sfântul Lazăr din Iași",,biserica-sfantul-lazar-din-iasi-iasi,,,Iași,Iași,biserica-manastire,"Str. Gusti Dimitrie 1",47.15866,27.59133,,,,https://thumb.wikimedia.org/wikipedia/commons/thumb/f/ff/Biserica_Sf._Lazar_din_Iasi23.jpg/1280px-Biserica_Sf._Lazar_din_Iasi23.jpg,,"{""author"":""Cezar Suceveanu"",""license"":""CC BY-SA 3.0"",""license_url"":""https://creativecommons.org/licenses/by-sa/3.0"",""source"":""https://commons.wikimedia.org/wiki/File:Biserica_Sf._Lazar_din_Iasi23.jpg""}",IS-II-m-B-03908
"Biserica Zlataust",,biserica-zlataust-iasi,,,Iași,Iași,biserica-manastire,,47.159669,27.597219,,,,https://thumb.wikimedia.org/wikipedia/commons/thumb/a/af/RO%2C_IS%2CZlataust_Church.JPG/1280px-RO%2C_IS%2CZlataust_Church.JPG,,"{""author"":""Argenna"",""license"":""CC BY 3.0"",""license_url"":""https://creativecommons.org/licenses/by/3.0"",""source"":""https://commons.wikimedia.org/wiki/File:RO,_IS,Zlataust_Church.JPG""}",IS-II-a-B-04094
"Biserica Vulpe din Iași, Str. Sărăriei 40",,biserica-vulpe-din-iasi-str-sarariei-40-iasi,,,Iași,Iași,biserica-manastire,"Str. Sărăriei 40",47.16935,27.58799,,,,https://thumb.wikimedia.org/wikipedia/commons/thumb/7/76/Biserica_Vulpe_Iasi_02.JPG/1280px-Biserica_Vulpe_Iasi_02.JPG,,"{""author"":""Losy"",""license"":""CC BY-SA 3.0 ro"",""license_url"":""https://creativecommons.org/licenses/by-sa/3.0/ro/deed.en"",""source"":""https://commons.wikimedia.org/wiki/File:Biserica_Vulpe_Iasi_02.JPG""}",IS-II-m-B-04025
"Biserica „Sf. Trei Ierarhi”",,biserica-sf-trei-ierarhi-iasi,,,Iași,Iași,biserica-manastire,"Bd. Ștefan cel Mare și Sfânt 28",47.15968,27.585104,,,,,,,IS-II-m-A-04076.01
"Universitatea de Medicină și Farmacie Grigore T. Popa",,universitatea-de-medicina-si-farmacie-grigore-t-popa-iasi,,"universitate din Iași, România",Iași,Iași,cladire-istorica,"Str. Universității 16",47.1685,27.5848,,,,https://thumb.wikimedia.org/wikipedia/commons/thumb/2/2b/UMF_Ia%C8%99i.jpg/1280px-UMF_Ia%C8%99i.jpg,,"{""author"":""UMF Iasi"",""license"":""CC BY-SA 4.0"",""license_url"":""https://creativecommons.org/licenses/by-sa/4.0"",""source"":""https://commons.wikimedia.org/wiki/File:UMF_Iași.jpg""}",IS-II-m-B-04085
"Universitatea de Medicină și Farmacie Grigore T. Popa",,universitatea-de-medicina-si-farmacie-grigore-t-popa-iasi-3eccc5,,"universitate din Iași, România",Iași,Iași,cladire-istorica,"Str. Universității 16",47.1683,27.5847,,,,https://thumb.wikimedia.org/wikipedia/commons/thumb/2/2b/UMF_Ia%C8%99i.jpg/1280px-UMF_Ia%C8%99i.jpg,,"{""author"":""UMF Iasi"",""license"":""CC BY-SA 4.0"",""license_url"":""https://creativecommons.org/licenses/by-sa/4.0"",""source"":""https://commons.wikimedia.org/wiki/File:UMF_Iași.jpg""}",IS-II-m-B-04085
"Palatul Cantacuzino-Pașcanu - Primăria veche, azi Starea Civilă",,palatul-cantacuzino-pascanu-primaria-veche-azi-starea-civila-iasi,,,Iași,Iași,castel-palat,"Str. Vasile Alecsandri 8",47.165844,27.581804,,,,https://thumb.wikimedia.org/wikipedia/commons/thumb/5/5e/Palatul_Cantacuzino-Pa%C8%99canu_-_Prim%C4%83ria_veche%2C_azi_Starea_Civil%C4%83_%285%29.jpg/1280px-Palatul_Cantacuzino-Pa%C8%99canu_-_Prim%C4%83ria_veche%2C_azi_Starea_Civil%C4%83_%285%29.jpg,,"{""author"":""Manole Alexandru"",""license"":""CC BY-SA 4.0"",""license_url"":""https://creativecommons.org/licenses/by-sa/4.0"",""source"":""https://commons.wikimedia.org/wiki/File:Palatul_Cantacuzino-Pașcanu_-_Primăria_veche,_azi_Starea_Civilă_(5).jpg""}",IS-II-m-B-03703
"Casa „Emil Racoviță”, sediu grădiniță",,casa-emil-racovita-sediu-gradinita-iasi,,,Iași,Iași,cladire-istorica,"Str. Catargiu Lascăr 36",47.17379,27.577984,,,,https://thumb.wikimedia.org/wikipedia/commons/thumb/0/0e/Casa_Racovita_din_Iasi.jpg/1280px-Casa_Racovita_din_Iasi.jpg,,"{""author"":""Cezar Suceveanu"",""license"":""CC BY-SA 3.0"",""license_url"":""https://creativecommons.org/licenses/by-sa/3.0"",""source"":""https://commons.wikimedia.org/wiki/File:Casa_Racovita_din_Iasi.jpg""}",IS-II-m-B-03798
"Procuratură, Str. Conta Vasile 28",,procuratura-str-conta-vasile-28-iasi,,,Iași,Iași,cladire-istorica,"Str. Conta Vasile 28",47.169898,27.577441,,,,,,,IS-II-m-B-03815
"Casa Balș-Sturza, azi Direcția Județeană de Poștă Iași",,casa-bals-sturza-azi-directia-judeteana-de-posta-iasi-iasi,,,Iași,Iași,cladire-istorica,"Str. Cuza Vodă 3",47.165322,27.582883,,,,https://thumb.wikimedia.org/wikipedia/commons/thumb/3/37/Casa_Bals-Sturza10.jpg/1280px-Casa_Bals-Sturza10.jpg,,"{""author"":""Cezar Suceveanu"",""license"":""CC BY 3.0"",""license_url"":""https://creativecommons.org/licenses/by/3.0"",""source"":""https://commons.wikimedia.org/wiki/File:Casa_Bals-Sturza10.jpg""}",IS-II-m-B-03839
"Hotel Continental, Str. Cuza Vodă 4, Piața 14 Decembrie 1989",,hotel-continental-str-cuza-voda-4-piata-14-decembrie-1989-iasi,,,Iași,Iași,cladire-istorica,"Str. Cuza Vodă 4, Piața 14 Decembrie 1989",47.165092,27.581772,,,,https://thumb.wikimedia.org/wikipedia/commons/thumb/3/37/Ia%C5%9Fi_%2C_Hotel_Continental.jpg/1280px-Ia%C5%9Fi_%2C_Hotel_Continental.jpg,,"{""author"":""Argenna"",""license"":""CC BY-SA 3.0"",""license_url"":""https://creativecommons.org/licenses/by-sa/3.0"",""source"":""https://commons.wikimedia.org/wiki/File:Iaşi_,_Hotel_Continental.jpg""}",IS-II-m-B-03840
"Casa Alecu Balș, Str. Cuza Vodă 29",,casa-alecu-bals-str-cuza-voda-29-iasi,,,Iași,Iași,cladire-istorica,"Str. Cuza Vodă 29",47.164366,27.585049,,,,https://thumb.wikimedia.org/wikipedia/commons/thumb/2/25/Casa_Alecu_Bal%C8%99_%281%29.jpg/1280px-Casa_Alecu_Bal%C8%99_%281%29.jpg,,"{""author"":""Manole Alexandru"",""license"":""CC BY-SA 4.0"",""license_url"":""https://creativecommons.org/licenses/by-sa/4.0"",""source"":""https://commons.wikimedia.org/wiki/File:Casa_Alecu_Balș_(1).jpg""}",IS-II-m-B-03846.02
"Casă, Str. Elena Doamna 39",,casa-str-elena-doamna-39-iasi,,"monument istoric din municipiul Iași",Iași,Iași,cladire-istorica,"Str. Elena Doamna 39",47.16127,27.59615,,,,,,,IS-II-m-B-03865
"Parc, Bd. Carol I 6",,parc-bd-carol-i-6-iasi,,,Iași,Iași,parc-gradina,"Bd. Carol I 6",47.172466,27.574567,,,,,,,IS-II-m-B-03780.02
"Observator Astronomic, Strada Mihail Sadoveanu Nr. 5",,observator-astronomic-strada-mihail-sadoveanu-nr-5-iasi,,"observator astronomic",Iași,Iași,cladire-istorica,"Strada Mihail Sadoveanu Nr. 5",47.1930835,27.5555472,,,,,,,IS-II-m-B-04017
"Grădinița „Sf. Nicolae”, Str. Uzinei 68",,gradinita-sf-nicolae-str-uzinei-68-iasi,,,Iași,Iași,parc-gradina,"Str. Uzinei 68",47.160905,27.579175,,,,,,,IS-II-m-B-04087
"Cazarma Copou",,cazarma-copou-iasi,,,Iași,Iași,cladire-istorica,,47.180883957523,27.565435768793,,,,https://thumb.wikimedia.org/wikipedia/commons/thumb/7/70/Barracks_of_Copou_1.jpg/1280px-Barracks_of_Copou_1.jpg,,"{""author"":""Argenna"",""license"":""CC BY-SA 3.0"",""license_url"":""https://creativecommons.org/licenses/by-sa/3.0"",""source"":""https://commons.wikimedia.org/wiki/File:Barracks_of_Copou_1.jpg""}",IS-II-m-B-20187
"Casa Buicliu, azi Biblioteca județeană „Gh. Asachi”",,casa-buicliu-azi-biblioteca-judeteana-gh-asachi-iasi,,,Iași,Iași,cladire-istorica,"Str. Păcurari 29",47.170731,27.570923,,,,https://thumb.wikimedia.org/wikipedia/commons/thumb/c/c7/Casa_Buicliu_1.jpg/1280px-Casa_Buicliu_1.jpg,,"{""author"":""Negrii Nicoleta"",""license"":""CC BY-SA 4.0"",""license_url"":""https://creativecommons.org/licenses/by-sa/4.0"",""source"":""https://commons.wikimedia.org/wiki/File:Casa_Buicliu_1.jpg""}",IS-II-m-B-03977
"Casa Universitarilor din Iași",,casa-universitarilor-din-iasi-iasi,,"monument istoric din Iași",Iași,Iași,cladire-istorica,"Bd. Carol I 9",47.172761,27.573216,,,,https://upload.wikimedia.org/wikipedia/commons/c/cb/Casa-logofatului-nicolae-canta-casa-universitarilor.jpg,,"{""author"":""Aanicai"",""license"":""CC BY-SA 4.0"",""license_url"":""https://creativecommons.org/licenses/by-sa/4.0"",""source"":""https://commons.wikimedia.org/wiki/File:Casa-logofatului-nicolae-canta-casa-universitarilor.jpg""}",IS-II-m-B-03782
"Mausoleul Grigore al III lea Ghica Vodă",,mausoleul-grigore-al-iii-lea-ghica-voda-iasi,,,Iași,Iași,monument,"Bd. Independenței 1",47.1680779,27.5824615,,,,,,,IS-IV-m-B-03914.12
"Casa Memorială „Vasile Pogor”",,casa-memoriala-vasile-pogor-iasi,,,Iași,Iași,muzeu,"Str. Pogor Vasile 4",47.172048,27.576257,,,,https://thumb.wikimedia.org/wikipedia/commons/thumb/b/bb/Ia%C5%9Fi_%2C_Romanian_Literature_Museum_%28House_Pogor%29.JPG/1280px-Ia%C5%9Fi_%2C_Romanian_Literature_Museum_%28House_Pogor%29.JPG,,"{""author"":""Argenna"",""license"":""CC BY-SA 3.0"",""license_url"":""https://creativecommons.org/licenses/by-sa/3.0"",""source"":""https://commons.wikimedia.org/wiki/File:Iaşi_,_Romanian_Literature_Museum_(House_Pogor).JPG""}",IS-II-m-B-04358
"Colecția muzeală „Istoria teatrului românesc” din Iași",,colectia-muzeala-istoria-teatrului-romanesc-din-iasi-iasi,,,Iași,Iași,muzeu,"Str. Vasile Alecsandri 5",47.178962,27.567178,,,,,,,IS-II-m-B-03701
"Muzeul Memorial „Mihail Kogălniceanu”",,muzeul-memorial-mihail-kogalniceanu-iasi,,,Iași,Iași,muzeu,"Str. Kogălniceanu Mihail 11",47.17343,27.580547,,,,https://thumb.wikimedia.org/wikipedia/commons/thumb/c/c8/Casa_Mihail_Kog%C4%83lniceanu_IASI.JPG/1280px-Casa_Mihail_Kog%C4%83lniceanu_IASI.JPG,,"{""author"":""KittyKaliNeo"",""license"":""CC BY-SA 4.0"",""license_url"":""https://creativecommons.org/licenses/by-sa/4.0"",""source"":""https://commons.wikimedia.org/wiki/File:Casa_Mihail_Kogălniceanu_IASI.JPG""}",IS-II-m-B-03919
"Muzeul Unirii din Iași, Str. Lăpușneanu Alexandru 14",,muzeul-unirii-din-iasi-str-lapusneanu-alexandru-14-iasi,,"muzeu din Iași, România",Iași,Iași,muzeu,"Str. Lăpușneanu Alexandru 14",47.167423,27.579146,,,,https://thumb.wikimedia.org/wikipedia/commons/thumb/3/33/Palatul_domnitorului_Alexandru_Ioan_Cuza_%28azi_Muzeul_%E2%80%9EUnirii%E2%80%9D_-_Complexul_Na%C8%9Bional_Muzeal_Moldova%29_%281%29.jpg/1280px-Palatul_domnitorului_Alexandru_Ioan_Cuza_%28azi_Muzeul_%E2%80%9EUnirii%E2%80%9D_-_Complexul_Na%C8%9Bional_Muzeal_Moldova%29_%281%29.jpg,,"{""author"":""Manole Alexandru"",""license"":""CC BY-SA 4.0"",""license_url"":""https://creativecommons.org/licenses/by-sa/4.0"",""source"":""https://commons.wikimedia.org/wiki/File:Palatul_domnitorului_Alexandru_Ioan_Cuza_(azi_Muzeul_„Unirii”_-_Complexul_Național_Muzeal_Moldova)_(1).jpg""}",IS-II-m-A-03930
"Muzeul Universității „Al. I. Cuza”",,muzeul-universitatii-al-i-cuza-iasi,,,Iași,Iași,muzeu,"Str. Maiorescu Titu 12",47.1761599,27.5682961,,,,,,,IS-II-m-B-03937
"Muzeul Memorial „Poni - Cernătescu”",,muzeul-memorial-poni-cernatescu-iasi,,,Iași,Iași,muzeu,"Str. Kogălniceanu Mihail 7-B",47.172644,27.580632,,,,,,,IS-II-m-B-03918
"Spitalul de Urgențe (corp vechi)",,spitalul-de-urgente-corp-vechi-iasi,,,Iași,Iași,cladire-istorica,"Str. Berthelot Henri M., general 2",47.1747744,27.576874,,,,,,,IS-II-m-B-03736
"Universitatea „Alexandru Ioan Cuza”",,universitatea-alexandru-ioan-cuza-iasi,,,Iași,Iași,cladire-istorica,"Bd. Carol I 11",47.174067,27.573241,,,,,,,IS-II-m-B-03783
"Spital Clinic nr. 2, Bd. Carol I 50",,spital-clinic-nr-2-bd-carol-i-50-iasi,,,Iași,Iași,cladire-istorica,"Bd. Carol I 50",47.180429,27.568184,,,,,,,IS-II-m-B-03793
"Fostul sediu Banc Post, Str. Cuza Vodă 10",,fostul-sediu-banc-post-str-cuza-voda-10-iasi,,,Iași,Iași,cladire-istorica,"Str. Cuza Vodă 10",47.164749,27.583188,,,,,,,IS-II-m-B-03843
"Farmacia „Ghițun”, Str. Cuza Vodă 27",,farmacia-ghitun-str-cuza-voda-27-iasi,,,Iași,Iași,cladire-istorica,"Str. Cuza Vodă 27",47.164493,27.584641,,,,,,,IS-II-m-B-03845
"Școală (tip Spiru Haret), Str. Botez Octav 2",,scoala-tip-spiru-haret-str-botez-octav-2-iasi,,,Iași,Iași,cladire-istorica,"Str. Botez Octav 2",47.170911,27.584425,,,,,,,IS-II-m-B-03748
"Institutul de Igienă M. Ciucă",,institutul-de-igiena-m-ciuca-iasi,,,Iași,Iași,cladire-istorica,"Bd. Carol I 1",47.17073,27.575264,,,,,,,IS-II-m-B-03777
"Școală (tip Spiru Haret), Str. Catargiu Lascăr 28",,scoala-tip-spiru-haret-str-catargiu-lascar-28-iasi,,,Iași,Iași,cladire-istorica,"Str. Catargiu Lascăr 28",47.173017,27.578478,,,,https://thumb.wikimedia.org/wikipedia/commons/thumb/c/cb/%C8%98coala_Primar%C4%83_Mihail_Kog%C4%83lniceanu_din_Ia%C8%99i.jpg/1280px-%C8%98coala_Primar%C4%83_Mihail_Kog%C4%83lniceanu_din_Ia%C8%99i.jpg,,"{""author"":""Maria52288"",""license"":""CC BY-SA 4.0"",""license_url"":""https://creativecommons.org/licenses/by-sa/4.0"",""source"":""https://commons.wikimedia.org/wiki/File:Școala_Primară_Mihail_Kogălniceanu_din_Iași.jpg""}",IS-II-m-B-03795
"Școală, Str. Catargiu Lascăr 66",,scoala-str-catargiu-lascar-66-iasi,,,Iași,Iași,cladire-istorica,"Str. Catargiu Lascăr 66",47.177425,27.57575,,,,,,,IS-II-m-B-03800
"Fosta Școală Pedagogică, azi corpul D Universitatea „Al. I. Cuza” Iași",,fosta-scoala-pedagogica-azi-corpul-d-universitatea-al-i-cuza-iasi-iasi,,,Iași,Iași,cladire-istorica,"Str. Cozma Toma 3",47.172725,27.574087,,,,,,,IS-II-m-B-03826
"Școala generală „Carol I”",,scoala-generala-carol-i-iasi,,,Iași,Iași,cladire-istorica,"Str. Cozma Toma 6",47.172998,27.567776,,,,,,,IS-II-m-B-03828
"Școala generală nr. 1 „Gheorghe Asachi”",,scoala-generala-nr-1-gheorghe-asachi-iasi,,,Iași,Iași,cladire-istorica,"Bd. Ștefan cel Mare și Sfânt 30",47.159213,27.585323,,,,https://thumb.wikimedia.org/wikipedia/commons/thumb/8/86/%C8%98coala_general%C4%83_nr._1_%E2%80%9EGheorghe_Asachi%E2%80%9D_%283%29.jpg/1280px-%C8%98coala_general%C4%83_nr._1_%E2%80%9EGheorghe_Asachi%E2%80%9D_%283%29.jpg,,"{""author"":""Manole Alexandru"",""license"":""CC BY-SA 4.0"",""license_url"":""https://creativecommons.org/licenses/by-sa/4.0"",""source"":""https://commons.wikimedia.org/wiki/File:Școala_generală_nr._1_„Gheorghe_Asachi”_(3).jpg""}",IS-II-m-B-04077
"Hotel Binder, Str. Conta Vasile 23",,hotel-binder-str-conta-vasile-23-iasi,,,Iași,Iași,cladire-istorica,"Str. Conta Vasile 23",47.173148,27.578086,,,,,,,IS-II-m-B-03814
"Teatrul Național „Vasile Alecsandri” din Iași",,teatrul-national-vasile-alecsandri-din-iasi-iasi,,,Iași,Iași,teatru-opera,"Str. Bârsescu Agatha 18",47.1632209,27.5848455,,,,https://thumb.wikimedia.org/wikipedia/commons/thumb/b/b9/Romania_Ia%C8%99i_National_Theatre.jpg/1280px-Romania_Ia%C8%99i_National_Theatre.jpg,,"{""author"":""Alexander Klink"",""license"":""CC BY 4.0"",""license_url"":""https://creativecommons.org/licenses/by/4.0"",""source"":""https://commons.wikimedia.org/wiki/File:Romania_Iași_National_Theatre.jpg""}",IS-II-a-A-03735
"Mănăstirea Sfinții Trei Ierarhi din Iași",,manastirea-sfintii-trei-ierarhi-din-iasi-iasi,,,Iași,Iași,biserica-manastire,"Bd. Ștefan cel Mare și Sfânt 28",47.1597,27.5847,,,,https://thumb.wikimedia.org/wikipedia/commons/thumb/1/1e/Three_Holy_Hierarchs_Monastery_in_Ia%C8%99i.jpg/1280px-Three_Holy_Hierarchs_Monastery_in_Ia%C8%99i.jpg,,"{""author"":""Pudelek"",""license"":""CC BY-SA 4.0"",""license_url"":""https://creativecommons.org/licenses/by-sa/4.0"",""source"":""https://commons.wikimedia.org/wiki/File:Three_Holy_Hierarchs_Monastery_in_Iași.jpg""}",IS-II-a-A-04076
"Mănăstirea Cetățuia din Iași",,manastirea-cetatuia-din-iasi-iasi,,,Iași,Iași,biserica-manastire,"Str. Cetățuia 1",47.131515069426,27.584037451857,,,,https://thumb.wikimedia.org/wikipedia/commons/thumb/7/77/M%C4%83n%C4%83stirea_Cet%C4%83%C5%A3uia53.jpg/1280px-M%C4%83n%C4%83stirea_Cet%C4%83%C5%A3uia53.jpg,,"{""author"":""Cezar Suceveanu"",""license"":""CC BY 3.0"",""license_url"":""https://creativecommons.org/licenses/by/3.0"",""source"":""https://commons.wikimedia.org/wiki/File:Mănăstirea_Cetăţuia53.jpg""}",IS-II-a-A-03806
"Mănăstirea Galata, Str. Mănăstirii 4",,manastirea-galata-str-manastirii-4-iasi,,,Iași,Iași,biserica-manastire,"Str. Mănăstirii 4",47.1461964,27.5690746,,,,https://thumb.wikimedia.org/wikipedia/commons/thumb/8/81/Manastirea_Galata.jpg/1280px-Manastirea_Galata.jpg,,"{""author"":""Cezar Suceveanu"",""license"":""CC BY 3.0"",""license_url"":""https://creativecommons.org/licenses/by/3.0"",""source"":""https://commons.wikimedia.org/wiki/File:Manastirea_Galata.jpg""}",IS-II-m-A-03940
"Mănăstirea Golia, Str. Cuza Vodă 51",,manastirea-golia-str-cuza-voda-51-iasi,,,Iași,Iași,biserica-manastire,"Str. Cuza Vodă 51",47.164861111111,27.589388888889,,,,https://thumb.wikimedia.org/wikipedia/commons/thumb/1/1d/Biserica_%E2%80%9E%C3%8En%C4%83l%C8%9Barea_Domnului%E2%80%9D_%284%29.jpg/1280px-Biserica_%E2%80%9E%C3%8En%C4%83l%C8%9Barea_Domnului%E2%80%9D_%284%29.jpg,,"{""author"":""Manole Alexandru"",""license"":""CC BY-SA 4.0"",""license_url"":""https://creativecommons.org/licenses/by-sa/4.0"",""source"":""https://commons.wikimedia.org/wiki/File:Biserica_„Înălțarea_Domnului”_(4).jpg""}",IS-II-a-A-03852
"Mănăstirea Podgoria Copou",,manastirea-podgoria-copou-iasi,,,Iași,Iași,biserica-manastire,"Str. Podgoriilor",47.193888888889,27.548055555556,,,,https://thumb.wikimedia.org/wikipedia/commons/thumb/5/5f/M%C4%83n%C4%83stirea_Podgoria_Copou.jpg/1280px-M%C4%83n%C4%83stirea_Podgoria_Copou.jpg,,"{""author"":""Cezar Suceveanu"",""license"":""CC BY 3.0"",""license_url"":""https://creativecommons.org/licenses/by/3.0"",""source"":""https://commons.wikimedia.org/wiki/File:Mănăstirea_Podgoria_Copou.jpg""}",IS-II-m-B-04001
"Casa Dosoftei, Str. Panu Anastasie 69",,casa-dosoftei-str-panu-anastasie-69-iasi,,,Iași,Iași,cladire-istorica,"Str. Panu Anastasie 69",47.159031,27.586888,,,,https://thumb.wikimedia.org/wikipedia/commons/thumb/7/78/Casa_Dosoftei25.jpg/1280px-Casa_Dosoftei25.jpg,,"{""author"":""Cezar Suceveanu"",""license"":""CC BY 3.0"",""license_url"":""https://creativecommons.org/licenses/by/3.0"",""source"":""https://commons.wikimedia.org/wiki/File:Casa_Dosoftei25.jpg""}",IS-II-m-A-03963
"Casa Roset din Iași, Bd. Independenței 16",,casa-roset-din-iasi-bd-independentei-16-iasi,,,Iași,Iași,cladire-istorica,"Bd. Independenței 16",47.166836,27.584079,,,,https://thumb.wikimedia.org/wikipedia/commons/thumb/2/2c/Ia%C5%9Fi_%2C_Natural_History_Museum_2.jpg/1280px-Ia%C5%9Fi_%2C_Natural_History_Museum_2.jpg,,"{""author"":""Argenna"",""license"":""CC BY-SA 3.0"",""license_url"":""https://creativecommons.org/licenses/by-sa/3.0"",""source"":""https://commons.wikimedia.org/wiki/File:Iaşi_,_Natural_History_Museum_2.jpg""}",IS-II-m-B-03917
"Casa Corpului Didactic din Iași",,casa-corpului-didactic-din-iasi-iasi,,,Iași,Iași,cladire-istorica,"Str. Botez Octav 2-A",47.170911,27.584425,,,,https://thumb.wikimedia.org/wikipedia/commons/thumb/8/87/Casa_Corpului_Didactic_1.JPG/1280px-Casa_Corpului_Didactic_1.JPG,,"{""author"":""ElenaCozma"",""license"":""CC BY-SA 4.0"",""license_url"":""https://creativecommons.org/licenses/by-sa/4.0"",""source"":""https://commons.wikimedia.org/wiki/File:Casa_Corpului_Didactic_1.JPG""}",IS-II-m-B-03749
"Baia Turcească din Iași, Str. Crișan 16",,baia-turceasca-din-iasi-str-crisan-16-iasi,,,Iași,Iași,cladire-istorica,"Str. Crișan 16",47.161182,27.579411,,,,https://thumb.wikimedia.org/wikipedia/commons/thumb/6/60/Baia_Turceasca_Iasi.JPG/1280px-Baia_Turceasca_Iasi.JPG,,"{""author"":""KittyKaliNeo"",""license"":""CC BY-SA 4.0"",""license_url"":""https://creativecommons.org/licenses/by-sa/4.0"",""source"":""https://commons.wikimedia.org/wiki/File:Baia_Turceasca_Iasi.JPG""}",IS-II-m-B-03769
"Inspectoratul Școlar din Iași",,inspectoratul-scolar-din-iasi-iasi,,,Iași,Iași,cladire-istorica,"Str. Bălcescu Nicolae 26",47.170375,27.582271,,,,https://thumb.wikimedia.org/wikipedia/commons/thumb/8/8e/Inspectoratul_%C8%98colar%2C_B%C4%83lcescu.JPG/1280px-Inspectoratul_%C8%98colar%2C_B%C4%83lcescu.JPG,,"{""author"":""ElenaCozma"",""license"":""CC BY-SA 4.0"",""license_url"":""https://creativecommons.org/licenses/by-sa/4.0"",""source"":""https://commons.wikimedia.org/wiki/File:Inspectoratul_Școlar,_Bălcescu.JPG""}",IS-II-m-B-03725
"Stăreție, Str. Cuza Vodă 51",,staretie-str-cuza-voda-51-iasi,,,Iași,Iași,cladire-istorica,"Str. Cuza Vodă 51",47.16496,27.5888,,,,https://thumb.wikimedia.org/wikipedia/commons/thumb/c/c5/Golia_Monastery_Priory_2.JPG/1280px-Golia_Monastery_Priory_2.JPG,,"{""author"":""Argenna"",""license"":""CC BY-SA 3.0"",""license_url"":""https://creativecommons.org/licenses/by-sa/3.0"",""source"":""https://commons.wikimedia.org/wiki/File:Golia_Monastery_Priory_2.JPG""}",IS-II-m-A-03852.02
"Casă, Str. 14 Decembrie 1989 2",,casa-str-14-decembrie-1989-2-iasi,,,Iași,Iași,cladire-istorica,"Str. 14 Decembrie 1989 2",47.164915,27.58134,,,,https://thumb.wikimedia.org/wikipedia/commons/thumb/c/c3/Casa_de_pe_Str._14_Decembrie.jpg/1280px-Casa_de_pe_Str._14_Decembrie.jpg,,"{""author"":""Cezar Suceveanu"",""license"":""CC BY 3.0"",""license_url"":""https://creativecommons.org/licenses/by/3.0"",""source"":""https://commons.wikimedia.org/wiki/File:Casa_de_pe_Str._14_Decembrie.jpg""}",IS-II-m-B-03690
"Sinagoga Mare din Iași, Str. Sinagogilor 1",,sinagoga-mare-din-iasi-str-sinagogilor-1-iasi,,"sinagogă din Iași",Iași,Iași,biserica-manastire,"Str. Sinagogilor 1",47.16552778,27.59216667,,,,https://thumb.wikimedia.org/wikipedia/commons/thumb/2/29/Sinagoga_Mare_%284%29.jpg/1280px-Sinagoga_Mare_%284%29.jpg,,"{""author"":""Manole Alexandru"",""license"":""CC BY-SA 4.0"",""license_url"":""https://creativecommons.org/licenses/by-sa/4.0"",""source"":""https://commons.wikimedia.org/wiki/File:Sinagoga_Mare_(4).jpg""}",IS-II-m-B-04057
"Sinagoga Merarilor din Iași",,sinagoga-merarilor-din-iasi-iasi,,"clădire religioasă din România",Iași,Iași,biserica-manastire,"Str. Elena Doamna 13",47.163894237156,27.593563666139,,,,https://thumb.wikimedia.org/wikipedia/commons/thumb/0/04/Sinagoga_Merarilor.jpg/1280px-Sinagoga_Merarilor.jpg,,"{""author"":""Cezar Suceveanu"",""license"":""CC BY 3.0"",""license_url"":""https://creativecommons.org/licenses/by/3.0"",""source"":""https://commons.wikimedia.org/wiki/File:Sinagoga_Merarilor.jpg""}",IS-II-m-B-03860
"Monumentul Victimelor Pogromului de la Iași",,monumentul-victimelor-pogromului-de-la-iasi-iasi,,,Iași,Iași,monument,,47.165528,27.592167,,,,https://upload.wikimedia.org/wikipedia/commons/e/e3/Ia%C8%99i_Pogrom_Monument_1.jpg,,"{""author"":""Rgvis"",""license"":""CC BY-SA 3.0"",""license_url"":""https://creativecommons.org/licenses/by-sa/3.0"",""source"":""https://commons.wikimedia.org/wiki/File:Iași_Pogrom_Monument_1.jpg""}",IS-III-m-B-04301
"Capela Sfinții Trei Ierarhi din Iași",,capela-sfintii-trei-ierarhi-din-iasi-iasi,,,Iași,Iași,biserica-manastire,,47.20083,27.54143,,,,https://thumb.wikimedia.org/wikipedia/commons/thumb/8/8c/Capela_Sf_Trei_Ierarhi_Iasi_01.JPG/1280px-Capela_Sf_Trei_Ierarhi_Iasi_01.JPG,,"{""author"":""Losy"",""license"":""CC BY-SA 3.0 ro"",""license_url"":""https://creativecommons.org/licenses/by-sa/3.0/ro/deed.en"",""source"":""https://commons.wikimedia.org/wiki/File:Capela_Sf_Trei_Ierarhi_Iasi_01.JPG""}",IS-II-m-B-04019
"Gara Iași, Piața Gării nr.1",,gara-iasi-piata-garii-nr-1-iasi,,"Gară din România",Iași,Iași,cladire-istorica,"Piața Gării nr.1",47.16576,27.569863,,,,https://thumb.wikimedia.org/wikipedia/commons/thumb/5/5a/Gara_Iasi.jpg/1280px-Gara_Iasi.jpg,,"{""author"":""Cezar Suceveanu"",""license"":""CC BY 3.0"",""license_url"":""https://creativecommons.org/licenses/by/3.0"",""source"":""https://commons.wikimedia.org/wiki/File:Gara_Iasi.jpg""}",IS-II-m-B-03891
"Statuia lui Mihai Eminescu din Iași",,statuia-lui-mihai-eminescu-din-iasi-iasi,,,Iași,Iași,monument,"Bd. Carol I 2, în fața Bibliotecii Universitare",47.17043,27.57583,,,,https://thumb.wikimedia.org/wikipedia/commons/thumb/8/89/Statuia_lui_Mihai_Eminescu_din_Iasi.jpg/1280px-Statuia_lui_Mihai_Eminescu_din_Iasi.jpg,,"{""author"":""Cezar Suceveanu"",""license"":""CC BY 3.0"",""license_url"":""https://creativecommons.org/licenses/by/3.0"",""source"":""https://commons.wikimedia.org/wiki/File:Statuia_lui_Mihai_Eminescu_din_Iasi.jpg""}",IS-III-m-B-04282
"Statuia lui Ștefan cel Mare din Iași",,statuia-lui-stefan-cel-mare-din-iasi-iasi,,,Iași,Iași,monument,"Piața Palat, în fața Palatului Culturii",47.1578639,27.5866028,,,,https://thumb.wikimedia.org/wikipedia/commons/thumb/8/82/Statuia_lui_%C8%98tefan_cel_Mare_din_Ia%C8%99i.JPG/1280px-Statuia_lui_%C8%98tefan_cel_Mare_din_Ia%C8%99i.JPG,,"{""author"":""Rsocol"",""license"":""CC BY-SA 3.0 ro"",""license_url"":""https://creativecommons.org/licenses/by-sa/3.0/ro/deed.en"",""source"":""https://commons.wikimedia.org/wiki/File:Statuia_lui_Ștefan_cel_Mare_din_Iași.JPG""}",IS-III-m-B-04314
"Prima uzină electrică, Str. Bârsescu Agatha 18",,prima-uzina-electrica-str-barsescu-agatha-18-iasi,,,Iași,Iași,piata-centru-vechi,"Str. Bârsescu Agatha 18",47.1627832,27.5858755,,,,https://thumb.wikimedia.org/wikipedia/commons/thumb/1/19/The_first_power_plant_in_Ia%C5%9Fi_2._jpg.JPG/1280px-The_first_power_plant_in_Ia%C5%9Fi_2._jpg.JPG,,"{""author"":""Argenna"",""license"":""CC BY-SA 3.0"",""license_url"":""https://creativecommons.org/licenses/by-sa/3.0"",""source"":""https://commons.wikimedia.org/wiki/File:The_first_power_plant_in_Iaşi_2._jpg.JPG""}",IS-II-m-A-03735.01
"Podul de piatră din Iași",,podul-de-piatra-din-iasi-iasi,,,Iași,Iași,cladire-istorica,,47.1573806,27.5751136,,,,https://thumb.wikimedia.org/wikipedia/commons/thumb/f/f1/Podul_de_piatr%C4%83_din_Ia%C5%9Fi.jpg/1280px-Podul_de_piatr%C4%83_din_Ia%C5%9Fi.jpg,,"{""author"":""Cezar Suceveanu"",""license"":""CC BY 3.0"",""license_url"":""https://creativecommons.org/licenses/by/3.0"",""source"":""https://commons.wikimedia.org/wiki/File:Podul_de_piatră_din_Iaşi.jpg""}",IS-II-m-B-03952
"Turn clopotniță",,turn-clopotnita-iasi,,,Iași,Iași,cladire-istorica,,47.1631516,27.5917817,,,,,,,IS-II-m-A-03730.03
"Turn clopotniță, Str. Cuza Vodă 51",,turn-clopotnita-str-cuza-voda-51-iasi,,,Iași,Iași,cladire-istorica,"Str. Cuza Vodă 51",47.1639980556,27.5895238889,,,,https://thumb.wikimedia.org/wikipedia/commons/thumb/4/46/Turn_clopotni%C8%9B%C4%83_Golia_%282%29.jpg/1280px-Turn_clopotni%C8%9B%C4%83_Golia_%282%29.jpg,,"{""author"":""Manole Alexandru"",""license"":""CC BY-SA 4.0"",""license_url"":""https://creativecommons.org/licenses/by-sa/4.0"",""source"":""https://commons.wikimedia.org/wiki/File:Turn_clopotniță_Golia_(2).jpg""}",IS-II-m-A-03852.07
"Palatul Roznovanu, Bd. Ștefan cel Mare și Sfânt 11",,palatul-roznovanu-bd-stefan-cel-mare-si-sfant-11-iasi,,"primărie din România",Iași,Iași,cladire-istorica,"Bd. Ștefan cel Mare și Sfânt 11",47.16175,27.5842,,,,https://thumb.wikimedia.org/wikipedia/commons/thumb/3/33/Palatul_Roset-Roznovanu_-_Prim%C4%83ria_Municipiului_Ia%C8%99i_%282%29.jpg/1280px-Palatul_Roset-Roznovanu_-_Prim%C4%83ria_Municipiului_Ia%C8%99i_%282%29.jpg,,"{""author"":""Manole Alexandru"",""license"":""CC BY-SA 4.0"",""license_url"":""https://creativecommons.org/licenses/by-sa/4.0"",""source"":""https://commons.wikimedia.org/wiki/File:Palatul_Roset-Roznovanu_-_Primăria_Municipiului_Iași_(2).jpg""}",IS-II-m-B-04066
"Statuia Cavaleristului în atac din Iași",,statuia-cavaleristului-in-atac-din-iasi-iasi,,,Iași,Iași,monument,"Bd. Carol I, în fața grădinii Copou",47.179331,27.568673,,,,https://thumb.wikimedia.org/wikipedia/commons/thumb/1/1d/Statuia_Cavaleristului_%C3%AEn_atac_din_Ia%C5%9Fi8.jpg/1280px-Statuia_Cavaleristului_%C3%AEn_atac_din_Ia%C5%9Fi8.jpg,,"{""author"":""Cezar Suceveanu"",""license"":""CC BY 3.0"",""license_url"":""https://creativecommons.org/licenses/by/3.0"",""source"":""https://commons.wikimedia.org/wiki/File:Statuia_Cavaleristului_în_atac_din_Iaşi8.jpg""}",IS-III-m-B-04281
"Statuia lui Vasile Alecsandri din Iași",,statuia-lui-vasile-alecsandri-din-iasi-iasi,,,Iași,Iași,monument,"Str. Bârsescu Agatha 18, în fața Teatrului Național",47.1630516052,27.5846099854,,,,https://thumb.wikimedia.org/wikipedia/commons/thumb/4/41/Wladimir_Hegel_-_Monumentul_lui_Vasile_Alecsandri_%281%29.jpg/1280px-Wladimir_Hegel_-_Monumentul_lui_Vasile_Alecsandri_%281%29.jpg,,"{""author"":""Wladimir Hegel"",""license"":""CC BY-SA 4.0"",""license_url"":""https://creativecommons.org/licenses/by-sa/4.0"",""source"":""https://commons.wikimedia.org/wiki/File:Wladimir_Hegel_-_Monumentul_lui_Vasile_Alecsandri_(1).jpg""}",IS-III-m-B-04275
"Școala de Arte și Meserii, azi Biblioteca Universității de Medicină și Farmacie",,scoala-de-arte-si-meserii-azi-biblioteca-universitatii-de-medicina-si-farmacie-iasi,,,Iași,Iași,cladire-istorica,"Str. Vasile Alecsandri 7",47.1661168,27.583901,,,,,,,IS-II-m-B-03702
"Casa memorială George Topîrceanu din Iași",,casa-memoriala-george-topirceanu-din-iasi-iasi,,,Iași,Iași,muzeu,"Str. Ralet 7",47.175719,27.579849,,,,https://thumb.wikimedia.org/wikipedia/commons/thumb/4/43/RO_IS_Topirceanu_memorial_house.jpg/1280px-RO_IS_Topirceanu_memorial_house.jpg,,"{""author"":""Andrei Stroe"",""license"":""CC BY 3.0"",""license_url"":""https://creativecommons.org/licenses/by/3.0"",""source"":""https://commons.wikimedia.org/wiki/File:RO_IS_Topirceanu_memorial_house.jpg""}",IS-IV-m-B-04359
"Casa memorială Dimitrie Anghel de la Cornești",,casa-memoriala-dimitrie-anghel-de-la-cornesti-iasi,,,Iași,Iași,muzeu,,47.109949,27.504031,,,,,,,IS-II-m-B-04131
"Grand Hotel Traian, Piața Unirii 1",,grand-hotel-traian-piata-unirii-1-iasi,,,Iași,Iași,cladire-istorica,"Piața Unirii 1",47.166222,27.5793417,,,,https://thumb.wikimedia.org/wikipedia/commons/thumb/c/cf/Grand_Hotel_Traian34.jpg/1280px-Grand_Hotel_Traian34.jpg,,"{""author"":""Cezar Suceveanu"",""license"":""CC BY 3.0"",""license_url"":""https://creativecommons.org/licenses/by/3.0"",""source"":""https://commons.wikimedia.org/wiki/File:Grand_Hotel_Traian34.jpg""}",IS-II-m-B-04084
"Ansamblul urbanistic de locuințe „Pavilioanele C.F.R.” - 15 clădiri",,ansamblul-urbanistic-de-locuinte-pavilioanele-c-f-r-15-cladiri-iasi,,,Iași,Iași,piata-centru-vechi,,47.178055,27.564973,,,,,,,IS-II-a-B-03993
"Fosta Stăreție, azi casă parohială",,fosta-staretie-azi-casa-parohiala-iasi,,,Iași,Iași,cladire-istorica,,47.162561,27.593059,,,,,,,IS-II-m-A-03730.02
"Colegiul Național din Iași",,colegiul-national-din-iasi-iasi,,,Iași,Iași,cladire-istorica,"Str. Arcu 4",47.1664778,27.57815,,,,https://thumb.wikimedia.org/wikipedia/commons/thumb/2/26/National_College_%E2%80%9EMihail_Sadoveanu%E2%80%9C_in_Ia%C5%9Fi_6._JPG.JPG/1280px-National_College_%E2%80%9EMihail_Sadoveanu%E2%80%9C_in_Ia%C5%9Fi_6._JPG.JPG,,"{""author"":""Argenna"",""license"":""CC BY-SA 3.0"",""license_url"":""https://creativecommons.org/licenses/by-sa/3.0"",""source"":""https://commons.wikimedia.org/wiki/File:National_College_„Mihail_Sadoveanu“_in_Iaşi_6._JPG.JPG""}",IS-II-m-B-03705
"Monumentul lui Grigore Ghica al III-lea din Iași",,monumentul-lui-grigore-ghica-al-iii-lea-din-iasi-iasi,,,Iași,Iași,monument,,47.159871,27.5947781,,,,https://upload.wikimedia.org/wikipedia/commons/8/8b/Monumentul_lui_Grigore_Ghica_III_din_Ia%C5%9Fi.jpg,,"{""author"":""Cezar Suceveanu"",""license"":""Public domain"",""license_url"":"""",""source"":""https://commons.wikimedia.org/wiki/File:Monumentul_lui_Grigore_Ghica_III_din_Iaşi.jpg""}",IS-III-m-B-04312
"Obeliscul cu lei din Iași",,obeliscul-cu-lei-din-iasi-iasi,,,Iași,Iași,monument,"Bd. Carol I 31, în Grădina Copou",47.178534,27.566975,,,,https://thumb.wikimedia.org/wikipedia/commons/thumb/2/22/Obeliscul_Leilor_din_Ia%C5%9Fi.jpg/1280px-Obeliscul_Leilor_din_Ia%C5%9Fi.jpg,,"{""author"":""Cezar Suceveanu"",""license"":""CC BY 3.0"",""license_url"":""https://creativecommons.org/licenses/by/3.0"",""source"":""https://commons.wikimedia.org/wiki/File:Obeliscul_Leilor_din_Iaşi.jpg""}",IS-III-m-B-04290
"Statuia Independenței din Iași",,statuia-independentei-din-iasi-iasi,,,Iași,Iași,monument,"Piața Independenței",47.168046,27.5785369444,,,,https://thumb.wikimedia.org/wikipedia/commons/thumb/9/9b/Statuia_Independen%C5%A3ei_din_Ia%C5%9Fi.jpg/1280px-Statuia_Independen%C5%A3ei_din_Ia%C5%9Fi.jpg,,"{""author"":""Cezar Suceveanu"",""license"":""CC BY 3.0"",""license_url"":""https://creativecommons.org/licenses/by/3.0"",""source"":""https://commons.wikimedia.org/wiki/File:Statuia_Independenţei_din_Iaşi.jpg""}",IS-III-m-B-04313
"Statuia lui Alexandru Ioan Cuza din Iași",,statuia-lui-alexandru-ioan-cuza-din-iasi-iasi,,,Iași,Iași,monument,"Piața Unirii",47.166103363,27.5798091888,,,,https://thumb.wikimedia.org/wikipedia/commons/thumb/d/d7/Statuia_lui_Alexandru_Ioan_Cuza_din_Ia%C5%9Fi5.jpg/1280px-Statuia_lui_Alexandru_Ioan_Cuza_din_Ia%C5%9Fi5.jpg,,"{""author"":""Cezar Suceveanu"",""license"":""CC BY 3.0"",""license_url"":""https://creativecommons.org/licenses/by/3.0"",""source"":""https://commons.wikimedia.org/wiki/File:Statuia_lui_Alexandru_Ioan_Cuza_din_Iaşi5.jpg""}",IS-III-m-B-04320
"Ruine zona hala centrală, intersecția str. Anastasie Panu cu str. Sf. Lazăr",,ruine-zona-hala-centrala-intersectia-str-anastasie-panu-cu-str-sf-lazar-iasi,,,Iași,Iași,cladire-istorica,"intersecția str. Anastasie Panu cu str. Sf. Lazăr",47.160504,27.591379,,,,,,,IS-II-m-A-21021
"Filarmonica „Moldova”, Str. Cuza Vodă 29",,filarmonica-moldova-str-cuza-voda-29-iasi,,,Iași,Iași,piata-centru-vechi,"Str. Cuza Vodă 29",47.164209,27.585693,,,,https://thumb.wikimedia.org/wikipedia/commons/thumb/4/40/Filarmonica_%22Moldova%22_%282%29.JPG/1280px-Filarmonica_%22Moldova%22_%282%29.JPG,,"{""author"":""ElenaCozma"",""license"":""CC BY-SA 3.0 ro"",""license_url"":""https://creativecommons.org/licenses/by-sa/3.0/ro/deed.en"",""source"":""https://commons.wikimedia.org/wiki/File:Filarmonica_\""Moldova\""_(2).JPG""}",IS-II-a-B-03846
"Catedrala Sfinții Petru și Pavel din Constanța",,catedrala-sfintii-petru-si-pavel-din-constanta-constanta,,,Constanța,Constanța,biserica-manastire,"Str. Arhiepiscopiei 25",44.17125,28.661,,,,https://thumb.wikimedia.org/wikipedia/commons/thumb/d/dc/Sfintii_Apostoli_Petru_si_Pavel_Orthodox_Cathedral%2C_Constanta.JPG/1280px-Sfintii_Apostoli_Petru_si_Pavel_Orthodox_Cathedral%2C_Constanta.JPG,,"{""author"":""No machine-readable author provided. Anonimu~commonswiki assumed (based on copyright claims)."",""license"":""CC BY-SA 3.0"",""license_url"":""http://creativecommons.org/licenses/by-sa/3.0/"",""source"":""https://commons.wikimedia.org/wiki/File:Sfintii_Apostoli_Petru_si_Pavel_Orthodox_Cathedral,_Constanta.JPG""}",CT-II-m-A-02793
"Liceul Teoretic „Mihai Eminescu” Constanța",,liceul-teoretic-mihai-eminescu-constanta-constanta,,,Constanța,Constanța,cladire-istorica,"Str. Traian 19",44.174676,28.65521,,,,https://thumb.wikimedia.org/wikipedia/commons/thumb/9/9f/Colegiul_Na%C5%A3ional_%E2%80%9EMihai_Eminescu%E2%80%9D-CT-II-m-A-02855.jpg/1280px-Colegiul_Na%C5%A3ional_%E2%80%9EMihai_Eminescu%E2%80%9D-CT-II-m-A-02855.jpg,,"{""author"":""Leontin l"",""license"":""CC BY-SA 4.0"",""license_url"":""https://creativecommons.org/licenses/by-sa/4.0"",""source"":""https://commons.wikimedia.org/wiki/File:Colegiul_Naţional_„Mihai_Eminescu”-CT-II-m-A-02855.jpg""}",CT-II-m-A-02855
"Fosta vilă regală din Mamaia",,fosta-vila-regala-din-mamaia-constanta,,,Constanța,Constanța,cladire-istorica,,44.2384,28.6246,,,,https://upload.wikimedia.org/wikipedia/commons/c/cc/Bundesarchiv_N_1603_Bild-035%2C_Rum%C3%A4nien%2C_Sommersitz_von_K%C3%B6nig_Carol.jpg,,"{""author"":""Horst Grund"",""license"":""CC BY-SA 3.0 de"",""license_url"":""https://creativecommons.org/licenses/by-sa/3.0/de/deed.en"",""source"":""https://commons.wikimedia.org/wiki/File:Bundesarchiv_N_1603_Bild-035,_Rumänien,_Sommersitz_von_König_Carol.jpg""}",CT-II-m-A-02896
"Bazilica Romano-Catolică din Constanța",,bazilica-romano-catolica-din-constanta-constanta,,,Constanța,Constanța,biserica-manastire,"Str. Titulescu Nicolae 11",44.1721163,28.6587672,,,,https://thumb.wikimedia.org/wikipedia/commons/thumb/c/cc/Bazilica_Constanta.jpg/1280px-Bazilica_Constanta.jpg,,"{""author"":""Radufan"",""license"":""CC BY-SA 3.0"",""license_url"":""https://creativecommons.org/licenses/by-sa/3.0"",""source"":""https://commons.wikimedia.org/wiki/File:Bazilica_Constanta.jpg""}",CT-II-m-A-02846
"Biserica „Schimbarea la Față” din Constanța",,biserica-schimbarea-la-fata-din-constanta-constanta,,"monument istoric",Constanța,Constanța,biserica-manastire,"Str. Mircea cel Bătrân 36",44.1769,28.656,,,,https://thumb.wikimedia.org/wikipedia/commons/thumb/6/6b/BisericaGreaca_Constanta.JPG/1280px-BisericaGreaca_Constanta.JPG,,"{""author"":""Anonimu"",""license"":""CC BY-SA 3.0"",""license_url"":""http://creativecommons.org/licenses/by-sa/3.0/"",""source"":""https://commons.wikimedia.org/wiki/File:BisericaGreaca_Constanta.JPG""}",CT-II-m-A-02826
"Biserica Sf. Nicolae din Constanța",,biserica-sf-nicolae-din-constanta-constanta,,,Constanța,Constanța,biserica-manastire,"Str. Șonțu Maior 7",44.17125,28.661,,,,https://thumb.wikimedia.org/wikipedia/commons/thumb/4/46/SfNicolaeVechi_Constanta.JPG/1280px-SfNicolaeVechi_Constanta.JPG,,"{""author"":""Anonimu"",""license"":""CC BY-SA 3.0"",""license_url"":""http://creativecommons.org/licenses/by-sa/3.0/"",""source"":""https://commons.wikimedia.org/wiki/File:SfNicolaeVechi_Constanta.JPG""}",CT-II-m-A-02841
"Biserica „Adormirea Maicii Domnului”",,biserica-adormirea-maicii-domnului-constanta,,,Constanța,Constanța,biserica-manastire,"Str. Lahovary Ion 18",44.17924,28.64741,,,,,,,CT-II-m-A-02818
"Marea Moschee din Constanța",,marea-moschee-din-constanta-constanta,,"moschee din Constanța, România",Constanța,Constanța,biserica-manastire,"Str. Crângului 1",44.17332778,28.65968333,,,,https://thumb.wikimedia.org/wikipedia/commons/thumb/8/89/Moscheea_Carol_I%2C_Constanta.JPG/1280px-Moscheea_Carol_I%2C_Constanta.JPG,,"{""author"":""necunoscut"",""license"":""CC BY-SA 3.0"",""license_url"":""http://creativecommons.org/licenses/by-sa/3.0/"",""source"":""https://commons.wikimedia.org/wiki/File:Moscheea_Carol_I,_Constanta.JPG""}",CT-II-m-A-02796
"Geamia Hunchiar, Bd. Tomis 41",,geamia-hunchiar-bd-tomis-41-constanta,,,Constanța,Constanța,biserica-manastire,"Bd. Tomis 41",44.175602893561,28.655025696273,,,,https://upload.wikimedia.org/wikipedia/commons/4/44/Geamia_Hunchiar.JPG,,"{""author"":""Dora Domsa"",""license"":""CC BY-SA 3.0 ro"",""license_url"":""https://creativecommons.org/licenses/by-sa/3.0/ro/deed.en"",""source"":""https://commons.wikimedia.org/wiki/File:Geamia_Hunchiar.JPG""}",CT-II-m-A-02851
"Muzeul Marinei, Str. Traian 53",,muzeul-marinei-str-traian-53-constanta,,"muzeu din Constanța, România",Constanța,Constanța,muzeu,"Str. Traian 53",44.174852,28.648485,,,,https://upload.wikimedia.org/wikipedia/commons/f/f3/Muzeul_Marinei_Rom%C3%A2ne.jpg,,"{""author"":""Rotaru Florin"",""license"":""CC BY-SA 3.0 ro"",""license_url"":""https://creativecommons.org/licenses/by-sa/3.0/ro/deed.en"",""source"":""https://commons.wikimedia.org/wiki/File:Muzeul_Marinei_Române.jpg""}",CT-II-m-A-02859
"Muzeul de Istorie Națională și Arheologie, Constanța",,muzeul-de-istorie-nationala-si-arheologie-constanta-constanta,,"muzeu arheologic cu artefacte găsite în Dobrogea",Constanța,Constanța,muzeu,"Piața Ovidiu 12",44.17388,28.658222,,,,https://thumb.wikimedia.org/wikipedia/commons/thumb/a/a2/Muzeul_de_Istorie_Nationala_si_Arheologie_Constanta_%28cropped%29.jpg/1280px-Muzeul_de_Istorie_Nationala_si_Arheologie_Constanta_%28cropped%29.jpg,,"{""author"":""Bejan Neculai"",""license"":""CC BY-SA 4.0"",""license_url"":""https://creativecommons.org/licenses/by-sa/4.0"",""source"":""https://commons.wikimedia.org/wiki/File:Muzeul_de_Istorie_Nationala_si_Arheologie_Constanta_(cropped).jpg""}",CT-II-m-A-02831
"Muzeul de Artă din Constanța",,muzeul-de-arta-din-constanta-constanta,,,Constanța,Constanța,muzeu,"Bd. Tomis 82",44.179068,28.651487,,,,https://thumb.wikimedia.org/wikipedia/commons/thumb/8/87/Muzeul_de_Art%C4%83_Constan%C8%9Ba.jpg/1280px-Muzeul_de_Art%C4%83_Constan%C8%9Ba.jpg,,"{""author"":""Postoiu Roxana"",""license"":""CC BY-SA 4.0"",""license_url"":""https://creativecommons.org/licenses/by-sa/4.0"",""source"":""https://commons.wikimedia.org/wiki/File:Muzeul_de_Artă_Constanța.jpg""}",CT-II-m-A-02852
"Muzeul de Artă Populară din Constanța",,muzeul-de-arta-populara-din-constanta-constanta,,,Constanța,Constanța,muzeu,"Bd. Tomis 32",44.176352,28.654913,,,,https://thumb.wikimedia.org/wikipedia/commons/thumb/d/da/Muzeul_de_Art%C4%83_Popular%C4%83.jpg/1280px-Muzeul_de_Art%C4%83_Popular%C4%83.jpg,,"{""author"":""Postoiu Roxana"",""license"":""CC BY-SA 4.0"",""license_url"":""https://creativecommons.org/licenses/by-sa/4.0"",""source"":""https://commons.wikimedia.org/wiki/File:Muzeul_de_Artă_Populară.jpg""}",CT-II-m-A-02850
"Farul Genovez din Constanța",,farul-genovez-din-constanta-constanta,,"monument istoric",Constanța,Constanța,cladire-istorica,"Bd. Elisabeta, intersecția cu str. Opreanu Remus",44.171944,28.664586,,,,https://thumb.wikimedia.org/wikipedia/commons/thumb/b/b0/Restorated_medieval_lighthouse_and_modern_radio_tower.jpg/1280px-Restorated_medieval_lighthouse_and_modern_radio_tower.jpg,,"{""author"":""Alexandru Pănoiu from Bucharest, Romania"",""license"":""CC BY-SA 2.0"",""license_url"":""https://creativecommons.org/licenses/by-sa/2.0"",""source"":""https://commons.wikimedia.org/wiki/File:Restorated_medieval_lighthouse_and_modern_radio_tower.jpg""}",CT-II-m-A-02800
"Farul vechi Carol I",,farul-vechi-carol-i-constanta,,,Constanța,Constanța,cladire-istorica,,44.158039,28.657279,,,,https://upload.wikimedia.org/wikipedia/commons/9/98/Farul_Carol.jpg,,"{""author"":""Rotaru Florin"",""license"":""CC BY-SA 4.0"",""license_url"":""https://creativecommons.org/licenses/by-sa/4.0"",""source"":""https://commons.wikimedia.org/wiki/File:Farul_Carol.jpg""}",CT-II-m-A-02782
"Sediul Comandamentului Marinei Militare",,sediul-comandamentului-marinei-militare-constanta,,,Constanța,Constanța,cladire-istorica,"Str. Opreanu Remus 13",44.1726,28.6651,,,,https://upload.wikimedia.org/wikipedia/commons/7/71/Comandamentul_Marinei_Militare_Romane.jpg,,"{""author"":""Rotaru Florin"",""license"":""CC BY-SA 3.0 ro"",""license_url"":""https://creativecommons.org/licenses/by-sa/3.0/ro/deed.en"",""source"":""https://commons.wikimedia.org/wiki/File:Comandamentul_Marinei_Militare_Romane.jpg""}",CT-II-m-A-02828
"Casa cu bovindouri din Constanța",,casa-cu-bovindouri-din-constanta-constanta,,,Constanța,Constanța,cladire-istorica,"Piața Ovidiu 4",44.17462,28.658199,,,,https://thumb.wikimedia.org/wikipedia/commons/thumb/2/24/Casa_cu_bowindouri-CT-II-m-B-02829_%281%29.jpg/1280px-Casa_cu_bowindouri-CT-II-m-B-02829_%281%29.jpg,,"{""author"":""Leontin l"",""license"":""CC BY-SA 4.0"",""license_url"":""https://creativecommons.org/licenses/by-sa/4.0"",""source"":""https://commons.wikimedia.org/wiki/File:Casa_cu_bowindouri-CT-II-m-B-02829_(1).jpg""}",CT-II-m-B-02829
"Palatul Arhiepiscopiei Tomisului",,palatul-arhiepiscopiei-tomisului-constanta,,,Constanța,Constanța,cladire-istorica,"Str. Arhiepiscopiei 23",44.1717,28.6608,,,,,,,CT-II-m-A-02792
"Casă, Piața Ovidiu 6",,casa-piata-ovidiu-6-constanta,,,Constanța,Constanța,cladire-istorica,"Piața Ovidiu 6",44.174541,28.658352,,,,https://thumb.wikimedia.org/wikipedia/commons/thumb/d/df/Cas%C4%83_-_Pia%C8%9Ba_Ovidiu_6.jpg/1280px-Cas%C4%83_-_Pia%C8%9Ba_Ovidiu_6.jpg,,"{""author"":""Postoiu Roxana"",""license"":""CC BY-SA 4.0"",""license_url"":""https://creativecommons.org/licenses/by-sa/4.0"",""source"":""https://commons.wikimedia.org/wiki/File:Casă_-_Piața_Ovidiu_6.jpg""}",CT-II-m-B-02830
"Fost hotel, azi Banca Națională Filiala Constanța",,fost-hotel-azi-banca-nationala-filiala-constanta-constanta,,,Constanța,Constanța,cladire-istorica,"Str. Revoluției din 22 decembrie 1989, 1",44.173981,28.659484,,,,https://thumb.wikimedia.org/wikipedia/commons/thumb/0/07/The_former_Mercur_Hotel_in_Constan%C8%9Ba_%28Romania%29.jpg/1280px-The_former_Mercur_Hotel_in_Constan%C8%9Ba_%28Romania%29.jpg,,"{""author"":""Neoclassicism Enthusiast"",""license"":""CC BY-SA 4.0"",""license_url"":""https://creativecommons.org/licenses/by-sa/4.0"",""source"":""https://commons.wikimedia.org/wiki/File:The_former_Mercur_Hotel_in_Constanța_(Romania).jpg""}",CT-II-m-B-02834
"Cazinoul din Constanța, Bd. Elisabeta 4",,cazinoul-din-constanta-bd-elisabeta-4-constanta,,"clădire istorică",Constanța,Constanța,cladire-istorica,"Bd. Elisabeta 4",44.1705,28.6635,,,,https://thumb.wikimedia.org/wikipedia/commons/thumb/4/4f/Constan%C8%9Ba_Casino_2025_%2854606449888%29.jpg/1280px-Constan%C8%9Ba_Casino_2025_%2854606449888%29.jpg,,"{""author"":""Dennis Sylvester Hurd"",""license"":""CC0"",""license_url"":""http://creativecommons.org/publicdomain/zero/1.0/deed.en"",""source"":""https://commons.wikimedia.org/wiki/File:Constanța_Casino_2025_(54606449888).jpg""}",CT-II-m-A-02801
"Cazinoul din Mamaia",,cazinoul-din-mamaia-constanta,,,Constanța,Constanța,piata-centru-vechi,,44.2355,28.6258,,,,https://thumb.wikimedia.org/wikipedia/commons/thumb/0/01/Ansamblul_Cazinoul_Mamaia_-_pasarela.jpg/1280px-Ansamblul_Cazinoul_Mamaia_-_pasarela.jpg,,"{""author"":""Postoiu Roxana"",""license"":""CC BY-SA 4.0"",""license_url"":""https://creativecommons.org/licenses/by-sa/4.0"",""source"":""https://commons.wikimedia.org/wiki/File:Ansamblul_Cazinoul_Mamaia_-_pasarela.jpg""}",CT-II-a-B-21001
"Bustul lui Mihai Eminescu din Constanța",,bustul-lui-mihai-eminescu-din-constanta-constanta,,,Constanța,Constanța,monument,,44.1721,28.6651,,,,https://thumb.wikimedia.org/wikipedia/commons/thumb/5/55/Statuia_lui_Eminescu_si_Veronica_Micle_%28iarna%29.jpg/1280px-Statuia_lui_Eminescu_si_Veronica_Micle_%28iarna%29.jpg,,"{""author"":""Relutzzzu"",""license"":""CC BY-SA 3.0 ro"",""license_url"":""https://creativecommons.org/licenses/by-sa/3.0/ro/deed.en"",""source"":""https://commons.wikimedia.org/wiki/File:Statuia_lui_Eminescu_si_Veronica_Micle_(iarna).jpg""}",CT-III-m-B-02920
"Statuia lui Ovidiu din Constanța",,statuia-lui-ovidiu-din-constanta-constanta,,"statuie a poetului roman Ovidiu pe un soclu în Constanța",Constanța,Constanța,monument,"Piața Ovidiu",44.174332,28.658545,,,,https://thumb.wikimedia.org/wikipedia/commons/thumb/e/e7/Statue_of_Ovid_in_Constantza.jpg/1280px-Statue_of_Ovid_in_Constantza.jpg,,"{""author"":""Alexandru Panoiu"",""license"":""CC BY 2.0"",""license_url"":""https://creativecommons.org/licenses/by/2.0"",""source"":""https://commons.wikimedia.org/wiki/File:Statue_of_Ovid_in_Constantza.jpg""}",CT-III-m-A-02928
"Vila Constantinidi din Constanța",,vila-constantinidi-din-constanta-constanta,,,Constanța,Constanța,cladire-istorica,"Str. Kogălniceanu Mihail 22",44.179552777778,28.652333333333,,,,https://thumb.wikimedia.org/wikipedia/commons/thumb/c/c9/Vila_Constantinidi-_Inspectoratul_%C8%98colar_Jude%C8%9Bean-2.jpg/1280px-Vila_Constantinidi-_Inspectoratul_%C8%98colar_Jude%C8%9Bean-2.jpg,,"{""author"":""Iuliananet"",""license"":""CC BY-SA 4.0"",""license_url"":""https://creativecommons.org/licenses/by-sa/4.0"",""source"":""https://commons.wikimedia.org/wiki/File:Vila_Constantinidi-_Inspectoratul_Școlar_Județean-2.jpg""}",CT-II-m-B-02816
"Casa „Ion Bănescu”, Bd. Tomis 110",,casa-ion-banescu-bd-tomis-110-constanta,,"monument istoric din Constanța",Constanța,Constanța,cladire-istorica,"Bd. Tomis 110",44.18312269632,28.64631476284,,,,https://thumb.wikimedia.org/wikipedia/commons/thumb/3/35/Casa_%E2%80%9EIon_B%C4%83nescu%E2%80%9D.jpg/1280px-Casa_%E2%80%9EIon_B%C4%83nescu%E2%80%9D.jpg,,"{""author"":""Postoiu Roxana"",""license"":""CC BY-SA 4.0"",""license_url"":""https://creativecommons.org/licenses/by-sa/4.0"",""source"":""https://commons.wikimedia.org/wiki/File:Casa_„Ion_Bănescu”.jpg""}",CT-II-m-B-21100
"Casă, Str. Unirii 11",,casa-str-unirii-11-arad,,,Arad,Arad,cladire-istorica,"Str. Unirii 11",46.1714,21.3181,,,,,,,AR-II-m-B-00577
"Casă, Str. Unirii 12",,casa-str-unirii-12-arad,,,Arad,Arad,cladire-istorica,"Str. Unirii 12",46.1713,21.318,,,,https://thumb.wikimedia.org/wikipedia/commons/thumb/f/f7/Arad%2C_Casa_str_Unirii_12.jpg/1280px-Arad%2C_Casa_str_Unirii_12.jpg,,"{""author"":""Unknown authorUnknown author"",""license"":""CC BY-SA 4.0"",""license_url"":""https://creativecommons.org/licenses/by-sa/4.0"",""source"":""https://commons.wikimedia.org/wiki/File:Arad,_Casa_str_Unirii_12.jpg""}",AR-II-m-B-00578
"Casă, Str. Unirii 13",,casa-str-unirii-13-arad,,,Arad,Arad,cladire-istorica,"Str. Unirii 13",46.1714,21.3182,,,,,,,AR-II-m-B-00579
"Casă (Casa Ștefan Domány)",,casa-casa-stefan-domany-arad,,,Arad,Arad,cladire-istorica,"Str. Unirii 14",46.1713,21.3181,,,,,,,AR-II-m-B-00580
"Casă Băile Simay, Băile comunale „Sănătatea”)",,casa-baile-simay-baile-comunale-sanatatea-arad,,,Arad,Arad,cladire-istorica,"Str. Unirii 17",46.1713,21.3181,,,,,,,AR-II-m-B-00581
"Casă Sediul Gărzii Naționale, Spitalul ORL)",,casa-sediul-garzii-nationale-spitalul-orl-arad,,,Arad,Arad,cladire-istorica,"Str. Vladimirescu Tudor 3",46.1797,21.3174,,,,,,,AR-II-m-B-00583
"Casă, Str. Vladimirescu Tudor 17-19",,casa-str-vladimirescu-tudor-17-19-arad,,,Arad,Arad,cladire-istorica,"Str. Vladimirescu Tudor 17-19",46.1812,21.3187,,,,,,,AR-II-m-B-00584
"Casa Vasile Goldiș (ulterior sediul ziarului „Românul”)",,casa-vasile-goldis-ulterior-sediul-ziarului-romanul-arad,,,Arad,Arad,cladire-istorica,"Str. Goldiș Vasile 6",46.1713,21.3137,,,,,,,AR-IV-m-B-00688
"Casa Tóth Árpád, Str. Rațiu Ioan, doctor 23",,casa-toth-arpad-str-ratiu-ioan-doctor-23-arad,,,Arad,Arad,cladire-istorica,"Str. Rațiu Ioan, doctor 23",46.18025,21.30555,,,,,,,AR-IV-m-B-00690
"Casă Palatul Tabacovici), Str. Teodoroiu Ecaterina 1, Piața Catedralei 11",,casa-palatul-tabacovici-str-teodoroiu-ecaterina-1-piata-catedralei-11-arad,,,Arad,Arad,cladire-istorica,"Str. Teodoroiu Ecaterina 1, Piața Catedralei 11",46.1708,21.3104,,,,,,,AR-II-m-B-00565
"Casa Beller",,casa-beller-arad,,,Arad,Arad,cladire-istorica,,46.1558,21.3214,,,,,,,AR-II-m-B-00567
"Casa fostei vămi, azi spații comerciale",,casa-fostei-vami-azi-spatii-comerciale-arad,,,Arad,Arad,cladire-istorica,,46.1668,21.3155,,,,,,,AR-II-m-B-00566
"Hanul „A. B. C. - ul de Aur”, azi locuințe",,hanul-a-b-c-ul-de-aur-azi-locuinte-arad,,,Arad,Arad,cladire-istorica,"Str. Sinagogei 2",46.169,21.3173,,,,,,,AR-II-m-B-00564
"Fostă clădire administrativă a Fabricii „Astra”",,fosta-cladire-administrativa-a-fabricii-astra-arad,,,Arad,Arad,cladire-istorica,,46.1906,21.3149,,,,,,,AR-II-m-B-00585
"Casa Ștefan Cicio-Pop (sediul Consiliului Național Român Central), azi locuință",,casa-stefan-cicio-pop-sediul-consiliului-national-roman-central-azi-locuinta-arad,,,Arad,Arad,cladire-istorica,"Str. Cicio-Pop Ștefan 3",46.1738,21.3118,,,,https://thumb.wikimedia.org/wikipedia/commons/thumb/e/e0/Casa_St._Cicio-Pop_-_Arad.JPG/1280px-Casa_St._Cicio-Pop_-_Arad.JPG,,"{""author"":""Silenzio76"",""license"":""CC BY-SA 3.0 ro"",""license_url"":""https://creativecommons.org/licenses/by-sa/3.0/ro/deed.en"",""source"":""https://commons.wikimedia.org/wiki/File:Casa_St._Cicio-Pop_-_Arad.JPG""}",AR-IV-m-B-00687
"Fostul sediu al „Căminului Muncitorului”, azi cabinete și laboratoare medicale",,fostul-sediu-al-caminului-muncitorului-azi-cabinete-si-laboratoare-medicale-arad,,,Arad,Arad,cladire-istorica,"Str. Paris 2",46.1671,21.3221,,,,,,,AR-IV-m-B-00689
"Biserica romano-catolică Aradu Nou",,biserica-romano-catolica-aradu-nou-arad,,,Arad,Arad,biserica-manastire,,46.1546,21.3225,,,,,,,AR-II-m-B-00571
"Casă Casă de raport), Bd. Revoluției 33, str. Davilla Carol 1 A",,casa-casa-de-raport-bd-revolutiei-33-str-davilla-carol-1-a-arad,,,Arad,Arad,cladire-istorica,"Bd. Revoluției 33, str. Davilla Carol 1 A",46.1811,21.3226,,,,,,,AR-II-m-B-00540
"Casă Casa de raport Tüdös)",,casa-casa-de-raport-tudos-arad,,,Arad,Arad,cladire-istorica,"Bd. Revoluției 40",46.1808,21.321,,,,,,,AR-II-m-B-00541
"Casă Casă de raport), Bd. Revoluției 42",,casa-casa-de-raport-bd-revolutiei-42-arad,,,Arad,Arad,cladire-istorica,"Bd. Revoluției 42",46.1807,21.3209,,,,,,,AR-II-m-B-00542
"Casă Sediul PSD), Bd. Revoluției 74",,casa-sediul-psd-bd-revolutiei-74-arad,,,Arad,Arad,cladire-istorica,"Bd. Revoluției 74",46.1761,21.318,,,,,,,AR-II-m-B-00547
"Casă Palatul Reinhardt), Bd. Revoluției 90",,casa-palatul-reinhardt-bd-revolutiei-90-arad,,,Arad,Arad,cladire-istorica,"Bd. Revoluției 90",46.1736,21.3162,,,,https://thumb.wikimedia.org/wikipedia/commons/thumb/6/6b/Arad%2C_Palatul_Reinhardt.jpg/1280px-Arad%2C_Palatul_Reinhardt.jpg,,"{""author"":""Unknown authorUnknown author"",""license"":""CC BY-SA 4.0"",""license_url"":""https://creativecommons.org/licenses/by-sa/4.0"",""source"":""https://commons.wikimedia.org/wiki/File:Arad,_Palatul_Reinhardt.jpg""}",AR-II-m-B-00553
"Casă Palatul Albert Szabó)",,casa-palatul-albert-szabo-arad,,,Arad,Arad,cladire-istorica,"Bd. Revoluției 92",46.1734,21.3161,,,,https://thumb.wikimedia.org/wikipedia/commons/thumb/5/54/Arad%2C_Palatul_Albert_Szabo.jpg/1280px-Arad%2C_Palatul_Albert_Szabo.jpg,,"{""author"":""Unknown authorUnknown author"",""license"":""CC BY-SA 4.0"",""license_url"":""https://creativecommons.org/licenses/by-sa/4.0"",""source"":""https://commons.wikimedia.org/wiki/File:Arad,_Palatul_Albert_Szabo.jpg""}",AR-II-m-B-00554
"Casă, azi sediu al Universității de Vest „Vasile Goldiș” Casa Anton Czigler)",,casa-azi-sediu-al-universitatii-de-vest-vasile-goldis-casa-anton-czigler-arad,,,Arad,Arad,cladire-istorica,"Bd. Revoluției 94",46.1732,21.3159,,,,,,,AR-II-m-B-00555
"Casă, Bd. Revoluției 99",,casa-bd-revolutiei-99-arad,,,Arad,Arad,cladire-istorica,"Bd. Revoluției 99",46.1712,21.3164,,,,,,,AR-II-m-B-00559
"Casa cu lacăt din Arad, Str. Tribunul Dobra 7",,casa-cu-lacat-din-arad-str-tribunul-dobra-7-arad,,,Arad,Arad,cladire-istorica,"Str. Tribunul Dobra 7",46.1687225,21.318113727,,,,https://thumb.wikimedia.org/wikipedia/commons/thumb/c/cd/Casa_cu_lacat_Arad.jpg/1280px-Casa_cu_lacat_Arad.jpg,,"{""author"":""Silenzio76"",""license"":""CC BY-SA 3.0 ro"",""license_url"":""https://creativecommons.org/licenses/by-sa/3.0/ro/deed.en"",""source"":""https://commons.wikimedia.org/wiki/File:Casa_cu_lacat_Arad.jpg""}",AR-II-m-B-00572
"Casă Casa Neo-românească)",,casa-casa-neo-romaneasca-arad,,,Arad,Arad,cladire-istorica,"Str. Alecsandri Vasile 13",46.175,21.3148,,,,,,,AR-II-m-B-00479
"Casă Palatul {{ill2|Mátyás Rozsnyay|hu|Rozsnyay Mátyás}})",,casa-palatul-ill2-matyas-rozsnyay-hu-rozsnyay-matyas-arad,,,Arad,Arad,cladire-istorica,"Str. Bălcescu Nicolae 1",46.1705,21.3167,,,,https://thumb.wikimedia.org/wikipedia/commons/thumb/b/bb/Arad%2C_Palatul_Matyas_Rozsnyay.jpg/1280px-Arad%2C_Palatul_Matyas_Rozsnyay.jpg,,"{""author"":""Unknown authorUnknown author"",""license"":""CC BY-SA 4.0"",""license_url"":""https://creativecommons.org/licenses/by-sa/4.0"",""source"":""https://commons.wikimedia.org/wiki/File:Arad,_Palatul_Matyas_Rozsnyay.jpg""}",AR-II-m-B-00483
"„Casa gotică”, Str. Bălcescu Nicolae 6",,casa-gotica-str-balcescu-nicolae-6-arad,,,Arad,Arad,cladire-istorica,"Str. Bălcescu Nicolae 6",46.1703,21.3173,,,,,,,AR-II-m-B-00484
"Casă Parohia Bisericii Greco-Catolice)",,casa-parohia-bisericii-greco-catolice-arad,,,Arad,Arad,cladire-istorica,"Str. Blaga Lucian 7",46.1725,21.3146,,,,,,,AR-II-m-B-00486
"Casă, azi parohie evanghelică și locuință Palatul Luther)",,casa-azi-parohie-evanghelica-si-locuinta-palatul-luther-arad,,,Arad,Arad,cladire-istorica,"Str. Blajului 2",46.1772,21.3207,,,,,,,AR-II-m-B-00489
"Casă, Str. Chendi Ilarie 1-3",,casa-str-chendi-ilarie-1-3-arad,,,Arad,Arad,cladire-istorica,"Str. Chendi Ilarie 1-3",46.1753,21.3149,,,,,,,AR-II-m-B-00493
"Casă (cu farmacie) Palatul Kelemen Földes)",,casa-cu-farmacie-palatul-kelemen-foldes-arad,,,Arad,Arad,cladire-istorica,"Str. Cicio-Pop Ștefan 16",46.1719,21.3115,,,,,,,AR-II-m-B-00494
"Casă, Bd. Decebal 14, str. Georgescu, aviator 8",,casa-bd-decebal-14-str-georgescu-aviator-8-arad,,,Arad,Arad,cladire-istorica,"Bd. Decebal 14, str. Georgescu, aviator 8",46.172,21.3184,,,,,,,AR-II-m-B-00496
"Casă Palatul Josef Steiner)",,casa-palatul-josef-steiner-arad,,,Arad,Arad,cladire-istorica,"Bd. Decebal 37",46.1678,21.3201,,,,,,,AR-II-m-B-00497
"Casă, Str. Eminescu Mihai 6",,casa-str-eminescu-mihai-6-arad,,,Arad,Arad,cladire-istorica,"Str. Eminescu Mihai 6",46.1721,21.3142,,,,,,,AR-II-m-B-00501
"Casă, Str. Eminescu Mihai 10",,casa-str-eminescu-mihai-10-arad,,,Arad,Arad,cladire-istorica,"Str. Eminescu Mihai 10",46.1721,21.3137,,,,,,,AR-II-m-B-00502
"Casă, Str. Eminescu Mihai 36",,casa-str-eminescu-mihai-36-arad,,,Arad,Arad,cladire-istorica,"Str. Eminescu Mihai 36",46.1722,21.3102,,,,,,,AR-II-m-B-00504
"Casă Casă de raport), Str. Episcopiei 3",,casa-casa-de-raport-str-episcopiei-3-arad,,,Arad,Arad,cladire-istorica,"Str. Episcopiei 3",46.1757,21.3162,,,,,,,AR-II-m-B-00508
"Casă, Str. Episcopiei 18",,casa-str-episcopiei-18-arad,,,Arad,Arad,cladire-istorica,"Str. Episcopiei 18",46.1753,21.3135,,,,,,,AR-II-m-B-00510
"Casă, Str. Episcopiei 46",,casa-str-episcopiei-46-arad,,,Arad,Arad,cladire-istorica,"Str. Episcopiei 46",46.174,21.3095,,,,,,,AR-II-m-B-00511
"Casă, Str. Gavra Alexandru 6",,casa-str-gavra-alexandru-6-arad,,,Arad,Arad,cladire-istorica,"Str. Gavra Alexandru 6",46.1684,21.31,,,,,,,AR-II-m-B-00513
"Casă, azi grădiniță, Str. Georgescu Ion, doctor 7",,casa-azi-gradinita-str-georgescu-ion-doctor-7-arad,,,Arad,Arad,cladire-istorica,"Str. Georgescu Ion, doctor 7",46.1733,21.3131,,,,,,,AR-II-m-B-00514
"Casă, Str. Georgescu, aviator 11",,casa-str-georgescu-aviator-11-arad,,,Arad,Arad,cladire-istorica,"Str. Georgescu, aviator 11",46.1724,21.3189,,,,,,,AR-II-m-B-00515
"Casa Fiedler, Str. Georgescu, aviator 11A-13",,casa-fiedler-str-georgescu-aviator-11a-13-arad,,,Arad,Arad,cladire-istorica,"Str. Georgescu, aviator 11A-13",46.1724,21.3193,,,,,,,AR-II-m-B-00516
"Casă, Str. Ghiba Birta Elena 16",,casa-str-ghiba-birta-elena-16-arad,,,Arad,Arad,cladire-istorica,"Str. Ghiba Birta Elena 16",46.1807,21.3145,,,,,,,AR-II-m-B-00517
"Casă Vila Ödön Nachtnébel)",,casa-vila-odon-nachtnebel-arad,,,Arad,Arad,cladire-istorica,"Str. Ghiba Birta Elena 18",46.1807,21.3143,,,,,,,AR-II-m-B-00518
"Casă Casa Lipót Bruchner, Casa cu faianța albastră)",,casa-casa-lipot-bruchner-casa-cu-faianta-albastra-arad,,,Arad,Arad,cladire-istorica,"Str. Ghiba Birta Elena 20",46.1808,21.3141,,,,,,,AR-II-m-B-00519
"Casă Vila Sándor Reisinger)",,casa-vila-sandor-reisinger-arad,,,Arad,Arad,cladire-istorica,"Str. Goga Octavian 2",46.17675,21.3145,,,,,,,AR-II-m-B-00520
"Casă Palatul Fényves), Str. Goga Octavian 3",,casa-palatul-fenyves-str-goga-octavian-3-arad,,,Arad,Arad,cladire-istorica,"Str. Goga Octavian 3",46.1764,21.3141,,,,,,,AR-II-m-B-00521
"Casă, Str. Grigorescu Nicolae 7",,casa-str-grigorescu-nicolae-7-arad,,,Arad,Arad,cladire-istorica,"Str. Grigorescu Nicolae 7",46.1778,21.3222,,,,,,,AR-II-m-B-00523
"Casă Palatul Nádasdy), Str. Mețianu 2, Piața Iancu Avram 20",,casa-palatul-nadasdy-str-metianu-2-piata-iancu-avram-20-arad,,,Arad,Arad,cladire-istorica,"Str. Mețianu 2, Piața Iancu Avram 20",46.1705,21.3151,,,,https://thumb.wikimedia.org/wikipedia/commons/thumb/7/7b/Arad%2C_Palatul_Nadasdy.jpg/1280px-Arad%2C_Palatul_Nadasdy.jpg,,"{""author"":""Creator:Sándor Reisinger (1868–?)"",""license"":""CC BY-SA 4.0"",""license_url"":""https://creativecommons.org/licenses/by-sa/4.0"",""source"":""https://commons.wikimedia.org/wiki/File:Arad,_Palatul_Nadasdy.jpg""}",AR-II-m-B-00528
"Casă Casă de raport), Piața Mihai Viteazul 10",,casa-casa-de-raport-piata-mihai-viteazul-10-arad,,,Arad,Arad,cladire-istorica,"Piața Mihai Viteazul 10",46.1797,21.3169,,,,,,,AR-II-m-B-00530
"Casă Casă de raport), Piața Mihai Viteazul 15",,casa-casa-de-raport-piata-mihai-viteazul-15-arad,,,Arad,Arad,cladire-istorica,"Piața Mihai Viteazul 15",46.1787,21.3171,,,,,,,AR-II-m-B-00531
"Casă, Str. Popa de Teiuș Gheorghe 8",,casa-str-popa-de-teius-gheorghe-8-arad,,,Arad,Arad,cladire-istorica,"Str. Popa de Teiuș Gheorghe 8",46.1778,21.3164,,,,,,,AR-II-m-B-00534
"Casă Palatul Rónai), Str. Popa de Teiuș Gheorghe 9",,casa-palatul-ronai-str-popa-de-teius-gheorghe-9-arad,,,Arad,Arad,cladire-istorica,"Str. Popa de Teiuș Gheorghe 9",46.1778,21.3159,,,,,,,AR-II-m-B-00535
"Casă, Str. Preparandiei 2",,casa-str-preparandiei-2-arad,,,Arad,Arad,cladire-istorica,"Str. Preparandiei 2",46.1664,21.3192,,,,,,,AR-II-m-B-00536
"Casă (cu farmacie la parter) Casa Dengl cu farmacia Kárpáti)",,casa-cu-farmacie-la-parter-casa-dengl-cu-farmacia-karpati-arad,,,Arad,Arad,cladire-istorica,"Bd. Revoluției 23, Calea Maniu Iuliu 2",46.1823,21.3239,,,,,,,AR-II-m-B-00538
"Casă Casă de raport), Bd. Revoluției 29",,casa-casa-de-raport-bd-revolutiei-29-arad,,,Arad,Arad,cladire-istorica,"Bd. Revoluției 29",46.1818,21.3232,,,,,,,AR-II-m-B-00539
"Castelul Nopcea, azi Grupul Școlar Forestier Arad",,castelul-nopcea-azi-grupul-scolar-forestier-arad-arad,,,Arad,Arad,castel-palat,,46.155,21.3223,,,,,,,AR-II-m-B-00568
"Antrepozit Antrepozitul Andrényi vechi)",,antrepozit-antrepozitul-andrenyi-vechi-arad,,,Arad,Arad,cladire-istorica,"Str. Unirii 5, str. Georgescu aviator 2-6",46.1716,21.3174,,,,,,,AR-II-m-B-00575
"Antrepozit Antrepozitul Andrényi nou)",,antrepozit-antrepozitul-andrenyi-nou-arad,,,Arad,Arad,cladire-istorica,"Str. Unirii 7, str. Georgescu aviator 2-6",46.1716,21.3176,,,,,,,AR-II-m-B-00576
"Fosta Fabrică de spirt și drojdie „Frații Neumann”",,fosta-fabrica-de-spirt-si-drojdie-fratii-neumann-arad,,,Arad,Arad,cladire-istorica,,46.2017,21.2851,,,,,,,AR-II-m-B-00586
"Statuia Sfântului Florian",,statuia-sfantului-florian-arad,,,Arad,Arad,monument,"Str. Guttenbrunn Adam 135",46.14759,21.32911,,,,,,,AR-III-m-B-00672
"Bustul lui A. D. Xenopol, Piața Enescu George, în fața Palatului Cultural",,bustul-lui-a-d-xenopol-piata-enescu-george-in-fata-palatului-cultural-arad,,,Arad,Arad,monument,"Piața Enescu George, în fața Palatului Cultural",46.17434,21.32018,,,,,,,AR-III-m-B-00670
"Fosta fabrică de bere, azi spații comerciale și birouri",,fosta-fabrica-de-bere-azi-spatii-comerciale-si-birouri-arad,,,Arad,Arad,cladire-istorica,,46.1546,21.3212,,,,,,,AR-II-m-B-00569
"Clinica de pediatrie, Str. Andrenyi Karoly 2-4",,clinica-de-pediatrie-str-andrenyi-karoly-2-4-arad,,,Arad,Arad,cladire-istorica,"Str. Andrenyi Karoly 2-4",46.182,21.3095,,,,,,,AR-II-m-B-00582
"Casa parohială a bisericii romano-catolice Aradu Nou",,casa-parohiala-a-bisericii-romano-catolice-aradu-nou-arad,,,Arad,Arad,cladire-istorica,,46.1543,21.3224,,,,,,,AR-II-m-B-00570
"Fostul sediu al Asociației Generale a Muncitorilor, azi locuințe și sedii comerciale",,fostul-sediu-al-asociatiei-generale-a-muncitorilor-azi-locuinte-si-sedii-comerciale-arad,,,Arad,Arad,monument,"Piața Catedralei 1, Str. Barițiu G. 37",46.17,21.3117,,,,,,,AR-IV-m-B-00686
"Palatul Episcopal Sârbesc",,palatul-episcopal-sarbesc-arad,,,Arad,Arad,castel-palat,"Piața Sârbească 7-8",46.1673,21.3109,,,,https://thumb.wikimedia.org/wikipedia/commons/thumb/9/91/Palatul_s%C3%A2rbesc.JPG/1280px-Palatul_s%C3%A2rbesc.JPG,,"{""author"":""IuliuSturza92"",""license"":""CC BY-SA 4.0"",""license_url"":""https://creativecommons.org/licenses/by-sa/4.0"",""source"":""https://commons.wikimedia.org/wiki/File:Palatul_sârbesc.JPG""}",AR-II-m-B-00563
"Palatul Kohn din Arad, Str. Episcopiei 9",,palatul-kohn-din-arad-str-episcopiei-9-arad,,,Arad,Arad,castel-palat,"Str. Episcopiei 9",46.1753989,21.3149681,,,,https://thumb.wikimedia.org/wikipedia/commons/thumb/8/8b/Palatul_Kohn_Josef.JPG/1280px-Palatul_Kohn_Josef.JPG,,"{""author"":""IuliuSturza92"",""license"":""CC BY-SA 4.0"",""license_url"":""https://creativecommons.org/licenses/by-sa/4.0"",""source"":""https://commons.wikimedia.org/wiki/File:Palatul_Kohn_Josef.JPG""}",AR-II-m-B-00509
"Palatul Herman Gyula din Arad",,palatul-herman-gyula-din-arad-arad,,,Arad,Arad,castel-palat,"Bd. Revoluției 96",46.1729,21.3158,,,,https://thumb.wikimedia.org/wikipedia/commons/thumb/f/f8/Palatul_Herman_Gyula.JPG/1280px-Palatul_Herman_Gyula.JPG,,"{""author"":""IuliuSturza92"",""license"":""CC BY-SA 4.0"",""license_url"":""https://creativecommons.org/licenses/by-sa/4.0"",""source"":""https://commons.wikimedia.org/wiki/File:Palatul_Herman_Gyula.JPG""}",AR-II-m-B-00556
"Palatul Szantay din Arad, Str. Horia 3-5, str. Episcopiei 2",,palatul-szantay-din-arad-str-horia-3-5-str-episcopiei-2-arad,,,Arad,Arad,castel-palat,"Str. Horia 3-5, str. Episcopiei 2",46.176,21.3163,,,,https://thumb.wikimedia.org/wikipedia/commons/thumb/2/2d/Palatul_Szantay.JPG/1280px-Palatul_Szantay.JPG,,"{""author"":""IuliuSturza92"",""license"":""CC BY-SA 4.0"",""license_url"":""https://creativecommons.org/licenses/by-sa/4.0"",""source"":""https://commons.wikimedia.org/wiki/File:Palatul_Szantay.JPG""}",AR-II-m-B-00525
"Palatul Neumann din Arad, Bd. Revoluției 78, str. Horia 1",,palatul-neumann-din-arad-bd-revolutiei-78-str-horia-1-arad,,,Arad,Arad,castel-palat,"Bd. Revoluției 78, str. Horia 1",46.1753,21.3174,,,,https://thumb.wikimedia.org/wikipedia/commons/thumb/a/a6/Arad_-_Palatul_Neumann_%282023%29_-_img_05.jpg/1280px-Arad_-_Palatul_Neumann_%282023%29_-_img_05.jpg,,"{""author"":""Chainwit."",""license"":""CC BY 4.0"",""license_url"":""https://creativecommons.org/licenses/by/4.0"",""source"":""https://commons.wikimedia.org/wiki/File:Arad_-_Palatul_Neumann_(2023)_-_img_05.jpg""}",AR-II-m-B-00550
"Palatul Andrenyi din Arad",,palatul-andrenyi-din-arad-arad,,,Arad,Arad,castel-palat,"Bd. Revoluției 69",46.1767,21.3195,,,,https://thumb.wikimedia.org/wikipedia/commons/thumb/4/4a/Arad_-_Palatul_Copiilor_%282023%29_-_img_05.jpg/1280px-Arad_-_Palatul_Copiilor_%282023%29_-_img_05.jpg,,"{""author"":""Chainwit."",""license"":""CC BY 4.0"",""license_url"":""https://creativecommons.org/licenses/by/4.0"",""source"":""https://commons.wikimedia.org/wiki/File:Arad_-_Palatul_Copiilor_(2023)_-_img_05.jpg""}",AR-II-m-B-00544
"Palatul Administrației Financiare din Arad",,palatul-administratiei-financiare-din-arad-arad,,,Arad,Arad,castel-palat,"Bd. Revoluției 77, Bd. Decebal 2",46.175,21.3188,,,,https://thumb.wikimedia.org/wikipedia/commons/thumb/f/f1/Arad_-_Palatul_Administra%C8%9Biei_Financiare_%22Trezoreria%22_%282023%29_-_img_02.jpg/1280px-Arad_-_Palatul_Administra%C8%9Biei_Financiare_%22Trezoreria%22_%282023%29_-_img_02.jpg,,"{""author"":""Chainwit."",""license"":""CC BY 4.0"",""license_url"":""https://creativecommons.org/licenses/by/4.0"",""source"":""https://commons.wikimedia.org/wiki/File:Arad_-_Palatul_Administrației_Financiare_\""Trezoreria\""_(2023)_-_img_02.jpg""}",AR-II-m-B-00549
"Palatul Bohuș din Arad, Str. Goldiș Vasile 1-3",,palatul-bohus-din-arad-str-goldis-vasile-1-3-arad,,,Arad,Arad,castel-palat,"Str. Goldiș Vasile 1-3",46.1711,21.315,,,,https://thumb.wikimedia.org/wikipedia/commons/thumb/e/e8/Palatul_Bohus_vedere_de_ansamblu.jpg/1280px-Palatul_Bohus_vedere_de_ansamblu.jpg,,"{""author"":""IuliuSturza92"",""license"":""CC BY-SA 4.0"",""license_url"":""https://creativecommons.org/licenses/by-sa/4.0"",""source"":""https://commons.wikimedia.org/wiki/File:Palatul_Bohus_vedere_de_ansamblu.jpg""}",AR-II-m-B-00522
"Palatul Băncii Naționale din Arad",,palatul-bancii-nationale-din-arad-arad,,,Arad,Arad,castel-palat,"Bd. Revoluției 72",46.1764,21.318,,,,https://thumb.wikimedia.org/wikipedia/commons/thumb/d/d9/Arad%2C_Palatul_Bancii_Nationale.jpg/1280px-Arad%2C_Palatul_Bancii_Nationale.jpg,,"{""author"":""Turbojet"",""license"":""CC BY-SA 4.0"",""license_url"":""https://creativecommons.org/licenses/by-sa/4.0"",""source"":""https://commons.wikimedia.org/wiki/File:Arad,_Palatul_Bancii_Nationale.jpg""}",AR-II-m-B-00545
"Palatul Cenad din Arad, Bd. Revoluției 73, Bd. Milea Vasile, general 1",,palatul-cenad-din-arad-bd-revolutiei-73-bd-milea-vasile-general-1-arad,,,Arad,Arad,castel-palat,"Bd. Revoluției 73, Bd. Milea Vasile, general 1",46.1761332,21.3190095,,,,https://thumb.wikimedia.org/wikipedia/commons/thumb/9/91/Arad_-_Palatul_Cenad_%282023%29_-_img_01.jpg/1280px-Arad_-_Palatul_Cenad_%282023%29_-_img_01.jpg,,"{""author"":""Chainwit."",""license"":""CC BY 4.0"",""license_url"":""https://creativecommons.org/licenses/by/4.0"",""source"":""https://commons.wikimedia.org/wiki/File:Arad_-_Palatul_Cenad_(2023)_-_img_01.jpg""}",AR-II-m-B-00546
"Palatul Justiției din Arad",,palatul-justitiei-din-arad-arad,,,Arad,Arad,castel-palat,"Str. Milea Vasile, general 2",46.1783,21.3218,,,,https://thumb.wikimedia.org/wikipedia/commons/thumb/1/1c/Palatul_de_justi%C8%9Bie.JPG/1280px-Palatul_de_justi%C8%9Bie.JPG,,"{""author"":""IuliuSturza92"",""license"":""CC BY-SA 4.0"",""license_url"":""https://creativecommons.org/licenses/by-sa/4.0"",""source"":""https://commons.wikimedia.org/wiki/File:Palatul_de_justiție.JPG""}",AR-II-m-B-00532
"Palatul Kovács din Arad, Str. Milea Vasile, general 19, str. Grigorescu Nicolae 8",,palatul-kovacs-din-arad-str-milea-vasile-general-19-str-grigorescu-nicolae-8-arad,,,Arad,Arad,castel-palat,"Str. Milea Vasile, general 19, str. Grigorescu Nicolae 8",46.1777,21.3215,,,,https://thumb.wikimedia.org/wikipedia/commons/thumb/1/17/Palatul_Kovacs.JPG/1280px-Palatul_Kovacs.JPG,,"{""author"":""Creator: István Babócs"",""license"":""CC BY-SA 4.0"",""license_url"":""https://creativecommons.org/licenses/by-sa/4.0"",""source"":""https://commons.wikimedia.org/wiki/File:Palatul_Kovacs.JPG""}",AR-II-m-B-00533
"Palatul Suciu, Str. Blajului 3",,palatul-suciu-str-blajului-3-arad,,,Arad,Arad,castel-palat,"Str. Blajului 3",46.1773,21.3208,,,,,,,AR-II-m-B-00490
"Palatul „Tribunei”, azi locuințe Vila dr Oncu)",,palatul-tribunei-azi-locuinte-vila-dr-oncu-arad,,,Arad,Arad,castel-palat,"Str. Eminescu Mihai 37",46.172,21.3089,,,,,,,AR-II-m-B-00505
"Biserica Sârbească din Arad",,biserica-sarbeasca-din-arad-arad,,,Arad,Arad,biserica-manastire,"Piața Sârbească 1",46.1669,21.3118,,,,https://thumb.wikimedia.org/wikipedia/commons/thumb/0/0c/Biserica_s%C3%A2rbeasc%C4%83.jpg/1280px-Biserica_s%C3%A2rbeasc%C4%83.jpg,,"{""author"":""IuliuSturza92"",""license"":""CC BY-SA 4.0"",""license_url"":""https://creativecommons.org/licenses/by-sa/4.0"",""source"":""https://commons.wikimedia.org/wiki/File:Biserica_sârbească.jpg""}",AR-II-m-B-00562
"Biserica, Str. Dunării 170, Cartier Gai",,biserica-str-dunarii-170-cartier-gai-arad,,,Arad,Arad,biserica-manastire,"Str. Dunării 170, Cartier Gai",46.2184,21.2746,,,,,,,AR-II-m-A-00500.01
"Biserica de lemn „Cuvioasa Paraschiva”",,biserica-de-lemn-cuvioasa-paraschiva-arad,,,Arad,Arad,biserica-manastire,"Str. Andrenyi Karoly 2-4, (în incinta Spitalului clinic județean de urgență)",46.18305,21.3085,,,,,,,AR-II-m-B-00482
"Biserica de lemn „Sf. Apostoli Petru și Pavel”",,biserica-de-lemn-sf-apostoli-petru-si-pavel-arad,,,Arad,Arad,biserica-manastire,"Str. Dunării 170, Cartier Gai, în incinta Mănăstirii „Sf. Simeon Stâlpnicul”-Gai",46.2186,21.2738,,,,,,,AR-II-m-B-00500.05
"Teatrul vechi din Arad, Str. Lazăr Gheorghe 3",,teatrul-vechi-din-arad-str-lazar-gheorghe-3-arad,,"teatru din Arad, România",Arad,Arad,teatru-opera,"Str. Lazăr Gheorghe 3",46.17544444,21.31916667,,,,https://thumb.wikimedia.org/wikipedia/commons/thumb/d/d4/Teatrul_Hirschl.JPG/1280px-Teatrul_Hirschl.JPG,,"{""author"":""IuliuSturza92"",""license"":""CC BY-SA 4.0"",""license_url"":""https://creativecommons.org/licenses/by-sa/4.0"",""source"":""https://commons.wikimedia.org/wiki/File:Teatrul_Hirschl.JPG""}",AR-II-m-B-00527
"Teatrul Clasic „Ioan Slavici”",,teatrul-clasic-ioan-slavici-arad,,,Arad,Arad,teatru-opera,"Bd. Revoluției 103",46.17109,21.31577,,,,https://thumb.wikimedia.org/wikipedia/commons/thumb/2/21/Arad_-_Teatrul_%E2%80%9EIoan_Slavici%E2%80%9D_%282023%29_-_img_01.jpg/1280px-Arad_-_Teatrul_%E2%80%9EIoan_Slavici%E2%80%9D_%282023%29_-_img_01.jpg,,"{""author"":""Chainwit."",""license"":""CC BY 4.0"",""license_url"":""https://creativecommons.org/licenses/by/4.0"",""source"":""https://commons.wikimedia.org/wiki/File:Arad_-_Teatrul_„Ioan_Slavici”_(2023)_-_img_01.jpg""}",AR-II-m-B-00561
"Preparandia Română, Str. Preparandiei 13",,preparandia-romana-str-preparandiei-13-arad,,,Arad,Arad,cladire-istorica,"Str. Preparandiei 13",46.1664,21.3173,,,,https://thumb.wikimedia.org/wikipedia/commons/thumb/2/21/Arad%2C_Preparandia_Romana.jpg/1280px-Arad%2C_Preparandia_Romana.jpg,,"{""author"":""Unknown authorUnknown author"",""license"":""CC BY-SA 4.0"",""license_url"":""https://creativecommons.org/licenses/by-sa/4.0"",""source"":""https://commons.wikimedia.org/wiki/File:Arad,_Preparandia_Romana.jpg""}",AR-II-m-B-00537
"Corpul vechi al chiliilor",,corpul-vechi-al-chiliilor-arad,,,Arad,Arad,cladire-istorica,"Str. Dunării 170, Cartier Gai",46.2184,21.2732,,,,,,,AR-II-m-A-00500.03
"Corpul nou al chiliilor și anexele gospodărești",,corpul-nou-al-chiliilor-si-anexele-gospodaresti-arad,,,Arad,Arad,cladire-istorica,"Str. Dunării 170, Cartier Gai",46.2189,21.2729,,,,,,,AR-II-m-B-00500.04
"Clădirea Diecezanei, Str. Eminescu Mihai 18",,cladirea-diecezanei-str-eminescu-mihai-18-arad,,,Arad,Arad,cladire-istorica,"Str. Eminescu Mihai 18",46.1721,21.313,,,,,,,AR-II-m-B-00503
"Sediul fostei Societăți bancare „Victoria”, azi locuințe și birouri",,sediul-fostei-societati-bancare-victoria-azi-locuinte-si-birouri-arad,,,Arad,Arad,cladire-istorica,"Str. Horia 2",46.1758,21.3178,,,,,,,AR-II-m-B-00524
"Hanul Boul Roșu, Str. Tribunul Dobra 22",,hanul-boul-rosu-str-tribunul-dobra-22-arad,,,Arad,Arad,cladire-istorica,"Str. Tribunul Dobra 22",46.1677,21.3196,,,,https://upload.wikimedia.org/wikipedia/commons/3/35/Aradbourosuhan.jpg,,"{""author"":""Teodor Stoica"",""license"":""CC BY-SA 4.0"",""license_url"":""https://creativecommons.org/licenses/by-sa/4.0"",""source"":""https://commons.wikimedia.org/wiki/File:Aradbourosuhan.jpg""}",AR-II-m-B-00574
"Sinagoga Neologă din Arad",,sinagoga-neologa-din-arad-arad,,,Arad,Arad,biserica-manastire,"Str. Tribunul Dobra 10",46.1686,21.3176,,,,https://upload.wikimedia.org/wikipedia/commons/e/e3/Sinagogaarad232323.jpg,,"{""author"":""Teodor Stoica"",""license"":""CC BY-SA 4.0"",""license_url"":""https://creativecommons.org/licenses/by-sa/4.0"",""source"":""https://commons.wikimedia.org/wiki/File:Sinagogaarad232323.jpg""}",AR-II-m-A-00573
"Statuia lui Ioan Nepomuk din Arad",,statuia-lui-ioan-nepomuk-din-arad-arad,,,Arad,Arad,monument,"Str. Episcopiei, la intersecția cu str. Desseanu",46.17309,21.30955,,,,https://upload.wikimedia.org/wikipedia/commons/b/b3/Ioan_Nepomuk_Statue.jpg,,"{""author"":""Polistul"",""license"":""CC BY-SA 3.0 ro"",""license_url"":""https://creativecommons.org/licenses/by-sa/3.0/ro/deed.en"",""source"":""https://commons.wikimedia.org/wiki/File:Ioan_Nepomuk_Statue.jpg""}",AR-III-m-A-00671
"Statuia lui Ioan Nepomuk din Arad",,statuia-lui-ioan-nepomuk-din-arad-arad-fb74d0,,,Arad,Arad,monument,"Str. Episcopiei, la intersecția cu str. Desseanu",46.17305881,21.30937815,,,,https://upload.wikimedia.org/wikipedia/commons/b/b3/Ioan_Nepomuk_Statue.jpg,,"{""author"":""Polistul"",""license"":""CC BY-SA 3.0 ro"",""license_url"":""https://creativecommons.org/licenses/by-sa/3.0/ro/deed.en"",""source"":""https://commons.wikimedia.org/wiki/File:Ioan_Nepomuk_Statue.jpg""}",AR-III-m-A-00671
"Cazinoul din Arad, Bd. Dragalina Ion, general 27, între Parcul Copiilor și Hotel „Parc”",,cazinoul-din-arad-bd-dragalina-ion-general-27-intre-parcul-copiilor-si-hotel-parc-arad,,,Arad,Arad,cladire-istorica,"Bd. Dragalina Ion, general 27, între Parcul Copiilor și Hotel „Parc”",46.172,21.3205,,,,https://thumb.wikimedia.org/wikipedia/commons/thumb/4/4a/Cazinoul_din_Arad.jpg/1280px-Cazinoul_din_Arad.jpg,,"{""author"":""Silenzio76"",""license"":""CC BY-SA 3.0 ro"",""license_url"":""https://creativecommons.org/licenses/by-sa/3.0/ro/deed.en"",""source"":""https://commons.wikimedia.org/wiki/File:Cazinoul_din_Arad.jpg""}",AR-II-m-B-00498
"Mănăstirea Sfântul Simion Stâlpnicul",,manastirea-sfantul-simion-stalpnicul-arad,,,Arad,Arad,biserica-manastire,"Str. Dunării 170, Cartier Gai",46.217339,21.274026,,,,https://thumb.wikimedia.org/wikipedia/commons/thumb/8/85/Arad_Kirche_der_Apostel_Petrus_und_Paulus_3902.jpg/1280px-Arad_Kirche_der_Apostel_Petrus_und_Paulus_3902.jpg,,"{""author"":""Sven Teschke, Büdingen"",""license"":""CC BY-SA 3.0 de"",""license_url"":""https://creativecommons.org/licenses/by-sa/3.0/de/deed.en"",""source"":""https://commons.wikimedia.org/wiki/File:Arad_Kirche_der_Apostel_Petrus_und_Paulus_3902.jpg""}",AR-II-a-A-00500
"Cetatea Aradului",,cetatea-aradului-arad,,,Arad,Arad,castel-palat,,46.171019,21.331887,,,,https://upload.wikimedia.org/wikipedia/commons/d/dc/Cetatea_Aradului.png,,"{""author"":""FlorinCB"",""license"":""CC BY-SA 3.0"",""license_url"":""https://creativecommons.org/licenses/by-sa/3.0"",""source"":""https://commons.wikimedia.org/wiki/File:Cetatea_Aradului.png""}",AR-II-a-A-00475
"Colegiul Național Moise Nicoară",,colegiul-national-moise-nicoara-arad,,"liceu din Arad, România",Arad,Arad,cladire-istorica,"Piața Bibici Margareta 1",46.171,21.3193,,,,https://thumb.wikimedia.org/wikipedia/commons/thumb/b/b2/Moise_Nicoara_National_College_-_facade.JPG/1280px-Moise_Nicoara_National_College_-_facade.JPG,,"{""author"":""Eokto"",""license"":""CC BY-SA 3.0 ro"",""license_url"":""https://creativecommons.org/licenses/by-sa/3.0/ro/deed.en"",""source"":""https://commons.wikimedia.org/wiki/File:Moise_Nicoara_National_College_-_facade.JPG""}",AR-II-m-B-00485
"Palatul Administrativ din Arad",,palatul-administrativ-din-arad-arad,,,Arad,Arad,cladire-istorica,"Bd. Revoluției 75",46.1754,21.3193,,,,https://thumb.wikimedia.org/wikipedia/commons/thumb/c/c8/Arad%2C_Romania_-_Administrative_Palace_%282023%29.jpg/1280px-Arad%2C_Romania_-_Administrative_Palace_%282023%29.jpg,,"{""author"":""Chainwit."",""license"":""CC BY-SA 4.0"",""license_url"":""https://creativecommons.org/licenses/by-sa/4.0"",""source"":""https://commons.wikimedia.org/wiki/File:Arad,_Romania_-_Administrative_Palace_(2023).jpg""}",AR-II-m-B-00548
"Școala normală de fete din Arad",,scoala-normala-de-fete-din-arad-arad,,,Arad,Arad,cladire-istorica,"Str. Lucian Blaga, 9",46.172754,21.314554,,,,https://thumb.wikimedia.org/wikipedia/commons/thumb/0/03/Scoala_de_fete_Arad.jpg/1280px-Scoala_de_fete_Arad.jpg,,"{""author"":""Silenzio76"",""license"":""CC BY-SA 3.0 ro"",""license_url"":""https://creativecommons.org/licenses/by-sa/3.0/ro/deed.en"",""source"":""https://commons.wikimedia.org/wiki/File:Scoala_de_fete_Arad.jpg""}",AR-II-m-B-00487
"Podul Traian",,podul-traian-arad,,,Arad,Arad,cladire-istorica,,46.1603,21.3222,,,,https://upload.wikimedia.org/wikipedia/commons/9/9c/Traian_Bridge_Arad.jpg,,"{""author"":""cs_dima"",""license"":""CC BY 2.0"",""license_url"":""https://creativecommons.org/licenses/by/2.0"",""source"":""https://commons.wikimedia.org/wiki/File:Traian_Bridge_Arad.jpg""}",AR-II-m-B-00476
"Liceul Pedagogic „Dimitrie Țichindeal” din Arad",,liceul-pedagogic-dimitrie-tichindeal-din-arad-arad,,,Arad,Arad,cladire-istorica,"Str. Blaga Lucian 9",46.1727,21.3145,,,,https://thumb.wikimedia.org/wikipedia/commons/thumb/0/03/Scoala_de_fete_Arad.jpg/1280px-Scoala_de_fete_Arad.jpg,,"{""author"":""Silenzio76"",""license"":""CC BY-SA 3.0 ro"",""license_url"":""https://creativecommons.org/licenses/by-sa/3.0/ro/deed.en"",""source"":""https://commons.wikimedia.org/wiki/File:Scoala_de_fete_Arad.jpg""}",AR-II-m-B-00487
"Gimnaziul de băieți „Iosif Vulcan”, azi Grupul școlar de industrie alimentară",,gimnaziul-de-baieti-iosif-vulcan-azi-grupul-scolar-de-industrie-alimentara-arad,,,Arad,Arad,cladire-istorica,"Str. Blaga Lucian 15",46.1738,21.3136,,,,,,,AR-II-m-B-00488
"Școală, azi Școala generală nr. 2 Școala Evreiască)",,scoala-azi-scoala-generala-nr-2-scoala-evreiasca-arad,,,Arad,Arad,cladire-istorica,"Str. Ciocârliei 27",46.1639,21.3139,,,,,,,AR-II-m-B-00495
"Gimnaziul Român de Fete, azi secție a Spitalului Clinic Municipal",,gimnaziul-roman-de-fete-azi-sectie-a-spitalului-clinic-municipal-arad,,,Arad,Arad,cladire-istorica,"Str. Eminescu Mihai 44",46.1723,21.3079,,,,,,,AR-II-m-B-00506
"Biserica Sfântul Anton de Padova din Arad",,biserica-sfantul-anton-de-padova-din-arad-arad,,,Arad,Arad,biserica-manastire,"Bd. Revoluției 96A",46.17258,21.3153,,,,https://thumb.wikimedia.org/wikipedia/commons/thumb/2/22/Arad%2C_biserica_Sf_Anton_de_Padova.jpg/1280px-Arad%2C_biserica_Sf_Anton_de_Padova.jpg,,"{""author"":""Turbojet"",""license"":""CC BY-SA 4.0"",""license_url"":""https://creativecommons.org/licenses/by-sa/4.0"",""source"":""https://commons.wikimedia.org/wiki/File:Arad,_biserica_Sf_Anton_de_Padova.jpg""}",AR-II-m-B-00557
"Fosta Prefectură, azi Direcția Generală a Finanțelor Publice a Județului Arad",,fosta-prefectura-azi-directia-generala-a-finantelor-publice-a-judetului-arad-arad,,,Arad,Arad,cladire-istorica,"Bd. Revoluției 79",46.1747,21.318,,,,,,,AR-II-m-B-00551
"Fosta Prefectură, azi redacția publicațiilor „Adevărul” și „Observator” și Rectoratul Universității „Aurel Vlaicu”",,fosta-prefectura-azi-redactia-publicatiilor-adevarul-si-observator-si-rectoratul-universitatii-1eaef9-arad,,,Arad,Arad,cladire-istorica,"Bd. Revoluției 81",46.1737,21.3173,,,,https://thumb.wikimedia.org/wikipedia/commons/thumb/b/b0/Fosta_Prefectura_-_Arad.JPG/1280px-Fosta_Prefectura_-_Arad.JPG,,"{""author"":""Silenzio76"",""license"":""CC BY-SA 3.0 ro"",""license_url"":""https://creativecommons.org/licenses/by-sa/3.0/ro/deed.en"",""source"":""https://commons.wikimedia.org/wiki/File:Fosta_Prefectura_-_Arad.JPG""}",AR-II-m-B-00552
"Palatul Cultural din Arad",,palatul-cultural-din-arad-arad,,,Arad,Arad,cladire-istorica,"Piața Enescu George 1",46.17411111,21.32016667,,,,https://thumb.wikimedia.org/wikipedia/commons/thumb/7/74/Arad_2023_-_Palatul_Cultural_din_Arad_-_04.jpg/1280px-Arad_2023_-_Palatul_Cultural_din_Arad_-_04.jpg,,"{""author"":""Chainwit."",""license"":""CC BY 4.0"",""license_url"":""https://creativecommons.org/licenses/by/4.0"",""source"":""https://commons.wikimedia.org/wiki/File:Arad_2023_-_Palatul_Cultural_din_Arad_-_04.jpg""}",AR-II-m-B-00507
"Statuia Libertății din Arad",,statuia-libertatii-din-arad-arad,,,Arad,Arad,monument,"str. Calvin Ioan",46.17078161,21.30863786,,,,https://thumb.wikimedia.org/wikipedia/commons/thumb/f/fb/Arad_-_Freedom_Monument_-_2897.jpg/1280px-Arad_-_Freedom_Monument_-_2897.jpg,,"{""author"":""György Zala"",""license"":""CC BY-SA 3.0 de"",""license_url"":""https://creativecommons.org/licenses/by-sa/3.0/de/deed.en"",""source"":""https://commons.wikimedia.org/wiki/File:Arad_-_Freedom_Monument_-_2897.jpg""}",AR-III-m-B-21095.02
"Crucea Martirilor Unirii din Arad",,crucea-martirilor-unirii-din-arad-arad,,,Arad,Arad,monument,,46.175022,21.32053,,,,https://thumb.wikimedia.org/wikipedia/commons/thumb/f/fc/Crucea_martirilor.JPG/1280px-Crucea_martirilor.JPG,,"{""author"":""IuliuSturza92"",""license"":""CC BY-SA 4.0"",""license_url"":""https://creativecommons.org/licenses/by-sa/4.0"",""source"":""https://commons.wikimedia.org/wiki/File:Crucea_martirilor.JPG""}",AR-III-m-B-00662
"Casa Iacob Hirschl, azi Casa de Cultură a municipiului",,casa-iacob-hirschl-azi-casa-de-cultura-a-municipiului-arad,,,Arad,Arad,cladire-istorica,"Str. Lazăr Gheorghe 1",46.1697,21.3171,,,,,,,AR-II-m-B-00526
"Fosta Bancă de Credit, azi locuințe și spații comerciale",,fosta-banca-de-credit-azi-locuinte-si-spatii-comerciale-arad,,,Arad,Arad,cladire-istorica,"Bd. Revoluției 100",46.17135,21.31505,,,,https://thumb.wikimedia.org/wikipedia/commons/thumb/d/d0/Arad%2C_Fosta_Banca_de_Credit.jpg/1280px-Arad%2C_Fosta_Banca_de_Credit.jpg,,"{""author"":""Unknown authorUnknown author"",""license"":""CC BY-SA 4.0"",""license_url"":""https://creativecommons.org/licenses/by-sa/4.0"",""source"":""https://commons.wikimedia.org/wiki/File:Arad,_Fosta_Banca_de_Credit.jpg""}",AR-II-m-B-00560
"Biserica Roșie din Arad, Bd. Revoluției 61",,biserica-rosie-din-arad-bd-revolutiei-61-arad,,,Arad,Arad,biserica-manastire,"Bd. Revoluției 61",46.17737,21.31994,,,,https://thumb.wikimedia.org/wikipedia/commons/thumb/7/76/Arad_2023_-_Rote_Kirche_%28Biserica_Ro%C8%99ie_din_Arad%29_-_06.jpg/1280px-Arad_2023_-_Rote_Kirche_%28Biserica_Ro%C8%99ie_din_Arad%29_-_06.jpg,,"{""author"":""Chainwit."",""license"":""CC BY 4.0"",""license_url"":""https://creativecommons.org/licenses/by/4.0"",""source"":""https://commons.wikimedia.org/wiki/File:Arad_2023_-_Rote_Kirche_(Biserica_Roșie_din_Arad)_-_06.jpg""}",AR-II-m-B-00543
"Catedrala „Nașterea Sf. Ioan Botezătorul” din Arad",,catedrala-nasterea-sf-ioan-botezatorul-din-arad-arad,,,Arad,Arad,biserica-manastire,"Piața Catedralei 15",46.1705,21.3117,,,,https://thumb.wikimedia.org/wikipedia/commons/thumb/d/d2/Catedrala_Nasterea_St_Ioan_Botezatorul_Arad.jpg/1280px-Catedrala_Nasterea_St_Ioan_Botezatorul_Arad.jpg,,"{""author"":""Silenzio76"",""license"":""CC BY-SA 3.0 ro"",""license_url"":""https://creativecommons.org/licenses/by-sa/3.0/ro/deed.en"",""source"":""https://commons.wikimedia.org/wiki/File:Catedrala_Nasterea_St_Ioan_Botezatorul_Arad.jpg""}",AR-II-m-B-00491
"Fosta reședință de vară episcopală, azi Colecția de icoane și carteveche",,fosta-resedinta-de-vara-episcopala-azi-colectia-de-icoane-si-carteveche-arad,,,Arad,Arad,cladire-istorica,"Str. Dunării 170, Cartier Gai",46.2187,21.2735,,,,,,,AR-II-m-A-00500.02
"Spitalul Clinic Municipal Arad, cu turnul",,spitalul-clinic-municipal-arad-cu-turnul-arad,,,Arad,Arad,cladire-istorica,"Piața Mihai Viteazul 7-8, str. Ghiba Birta Elena 1-3",46.1798,21.3156,,,,,,,AR-II-m-B-00529
"Biserica Franciscană din Arad",,biserica-franciscana-din-arad-arad,,,Arad,Arad,cladire-istorica,,46.1718,21.3324,,,,https://thumb.wikimedia.org/wikipedia/commons/thumb/b/b4/Biserica_franciscan%C4%83.jpg/1280px-Biserica_franciscan%C4%83.jpg,,"{""author"":""Mario Csipai"",""license"":""CC BY-SA 3.0 ro"",""license_url"":""https://creativecommons.org/licenses/by-sa/3.0/ro/deed.en"",""source"":""https://commons.wikimedia.org/wiki/File:Biserica_franciscană.jpg""}",AR-II-m-A-00475.03
"Palatul Administrativ din Suceava",,palatul-administrativ-din-suceava-suceava,,,Suceava,Suceava,castel-palat,"Str. Ștefan cel Mare 36",47.643056,26.258611,,,,https://thumb.wikimedia.org/wikipedia/commons/thumb/1/1c/Palatul_Administrativ_din_Suceava_%281%29.jpg/1280px-Palatul_Administrativ_din_Suceava_%281%29.jpg,,"{""author"":""Rosenborg BK Fan"",""license"":""CC0"",""license_url"":""http://creativecommons.org/publicdomain/zero/1.0/deed.en"",""source"":""https://commons.wikimedia.org/wiki/File:Palatul_Administrativ_din_Suceava_(1).jpg""}",SV-II-m-B-05481
"Biserica Coconilor, Str. Ștefăniță Vodă 3",,biserica-coconilor-str-stefanita-voda-3-suceava,,,Suceava,Suceava,biserica-manastire,"Str. Ștefăniță Vodă 3",47.64528,26.26386,,,,https://thumb.wikimedia.org/wikipedia/commons/thumb/7/7c/Biserica_Coconilor5.jpg/1280px-Biserica_Coconilor5.jpg,,"{""author"":""Cezar Suceveanu"",""license"":""CC BY 3.0"",""license_url"":""https://creativecommons.org/licenses/by/3.0"",""source"":""https://commons.wikimedia.org/wiki/File:Biserica_Coconilor5.jpg""}",SV-II-m-A-05483
"Biserica Sfânta Cruce din Suceava",,biserica-sfanta-cruce-din-suceava-suceava,,,Suceava,Suceava,biserica-manastire,"Str. Armenească 1",47.6368619,26.23290271,,,,https://thumb.wikimedia.org/wikipedia/commons/thumb/e/ec/Biserica_Sf._Cruce_din_Suceava11.jpg/1280px-Biserica_Sf._Cruce_din_Suceava11.jpg,,"{""author"":""Cezar Suceveanu"",""license"":""CC BY 3.0"",""license_url"":""https://creativecommons.org/licenses/by/3.0"",""source"":""https://commons.wikimedia.org/wiki/File:Biserica_Sf._Cruce_din_Suceava11.jpg""}",SV-II-m-A-05452
"Biserica Sfântul Simion din Suceava",,biserica-sfantul-simion-din-suceava-suceava,,,Suceava,Suceava,biserica-manastire,"Str. Enescu George 51",47.64852285,26.25204404,,,,https://thumb.wikimedia.org/wikipedia/commons/thumb/b/b3/Biserica_Sf._Simion_din_Suceava64.jpg/1280px-Biserica_Sf._Simion_din_Suceava64.jpg,,"{""author"":""Cezar Suceveanu"",""license"":""CC BY 3.0"",""license_url"":""https://creativecommons.org/licenses/by/3.0"",""source"":""https://commons.wikimedia.org/wiki/File:Biserica_Sf._Simion_din_Suceava64.jpg""}",SV-II-a-A-05467
"Muzeul Bucovinei, Strada Ștefan cel Mare nr. 33",,muzeul-bucovinei-strada-stefan-cel-mare-nr-33-suceava,,"muzeu din Suceava, România",Suceava,Suceava,muzeu,"Strada Ștefan cel Mare nr. 33",47.641414,26.257418,,,,https://thumb.wikimedia.org/wikipedia/commons/thumb/0/0c/Bukovina_History_Museum_frontal_view.jpg/1280px-Bukovina_History_Museum_frontal_view.jpg,,"{""author"":""Rosenborg BK Fan"",""license"":""Public domain"",""license_url"":"""",""source"":""https://commons.wikimedia.org/wiki/File:Bukovina_History_Museum_frontal_view.jpg""}",SV-II-m-B-05480
"Muzeul Satului Bucovinean",,muzeul-satului-bucovinean-suceava,,"sit istoric din județul Suceava, România",Suceava,Suceava,muzeu,,47.643,26.2715,,,,https://thumb.wikimedia.org/wikipedia/commons/thumb/1/16/Gospod%C4%83ria_Straja3.jpg/1280px-Gospod%C4%83ria_Straja3.jpg,,"{""author"":""Cezar Suceveanu"",""license"":""CC BY 3.0"",""license_url"":""https://creativecommons.org/licenses/by/3.0"",""source"":""https://commons.wikimedia.org/wiki/File:Gospodăria_Straja3.jpg""}",SV-IV-s-B-05694
"Curtea Domnească din Suceava",,curtea-domneasca-din-suceava-suceava,,,Suceava,Suceava,castel-palat,"Str. Ipătescu Ana f.n.",47.645277777778,26.262777777778,,,,https://thumb.wikimedia.org/wikipedia/commons/thumb/6/6d/Curtea_domneasca_din_Suceava9.jpg/1280px-Curtea_domneasca_din_Suceava9.jpg,,"{""author"":""Cezar Suceveanu"",""license"":""CC BY 3.0"",""license_url"":""https://creativecommons.org/licenses/by/3.0"",""source"":""https://commons.wikimedia.org/wiki/File:Curtea_domneasca_din_Suceava9.jpg""}",SV-II-a-A-05471
"Casă, Str. Bălcescu Nicolae 3",,casa-str-balcescu-nicolae-3-suceava,,,Suceava,Suceava,cladire-istorica,"Str. Bălcescu Nicolae 3",47.645369,26.257871,,,,https://thumb.wikimedia.org/wikipedia/commons/thumb/9/9c/Fostul_restaurant_%E2%80%9ENa%C8%9Bional%E2%80%9D_%28Casa_Prunkul%29_din_Suceava_%282026%29.jpg/1280px-Fostul_restaurant_%E2%80%9ENa%C8%9Bional%E2%80%9D_%28Casa_Prunkul%29_din_Suceava_%282026%29.jpg,,"{""author"":""Rosenborg BK Fan"",""license"":""CC0"",""license_url"":""http://creativecommons.org/publicdomain/zero/1.0/deed.en"",""source"":""https://commons.wikimedia.org/wiki/File:Fostul_restaurant_„Național”_(Casa_Prunkul)_din_Suceava_(2026).jpg""}",SV-II-m-B-05461
"Mănăstirea Sfântul Ioan cel Nou din Suceava",,manastirea-sfantul-ioan-cel-nou-din-suceava-suceava,,,Suceava,Suceava,biserica-manastire,"Str. Ioan Vodă Viteazul 2",47.64188611,26.26226389,,,,https://thumb.wikimedia.org/wikipedia/commons/thumb/5/53/M%C4%83n%C4%83stirea_Sf%C3%A2ntul_Ioan_cel_Nou1.jpg/1280px-M%C4%83n%C4%83stirea_Sf%C3%A2ntul_Ioan_cel_Nou1.jpg,,"{""author"":""Cezar Suceveanu"",""license"":""CC BY 3.0"",""license_url"":""https://creativecommons.org/licenses/by/3.0"",""source"":""https://commons.wikimedia.org/wiki/File:Mănăstirea_Sfântul_Ioan_cel_Nou1.jpg""}",SV-II-a-A-05469
"Mănăstirea Zamca, Str. Zamca f.n.",,manastirea-zamca-str-zamca-f-n-suceava,,"monument istoric din județul Suceava",Suceava,Suceava,biserica-manastire,"Str. Zamca f.n.",47.652733333333,26.243769444444,,,,https://thumb.wikimedia.org/wikipedia/commons/thumb/f/f8/M%C4%83n%C4%83stirea_Zamca30.jpg/1280px-M%C4%83n%C4%83stirea_Zamca30.jpg,,"{""author"":""Cezar Suceveanu"",""license"":""CC BY 3.0"",""license_url"":""https://creativecommons.org/licenses/by/3.0"",""source"":""https://commons.wikimedia.org/wiki/File:Mănăstirea_Zamca30.jpg""}",SV-II-a-A-05485
"Mănăstirea Hagigadar",,manastirea-hagigadar-suceava,,,Suceava,Suceava,biserica-manastire,,47.621108,26.232162,,,,https://thumb.wikimedia.org/wikipedia/commons/thumb/c/c7/Manastirea_Hagigadar2.jpg/1280px-Manastirea_Hagigadar2.jpg,,"{""author"":""Cezar Suceveanu"",""license"":""CC BY 2.5"",""license_url"":""https://creativecommons.org/licenses/by/2.5"",""source"":""https://commons.wikimedia.org/wiki/File:Manastirea_Hagigadar2.jpg""}",SV-II-a-A-05504
"Gara Suceava Nord, Strada Gării nr. 4",,gara-suceava-nord-strada-garii-nr-4-suceava,,"gară din România",Suceava,Suceava,cladire-istorica,"Strada Gării nr. 4",47.676228,26.235764,,,,https://upload.wikimedia.org/wikipedia/commons/d/d7/Gara_Suceava_Nord2.jpg,,"{""author"":""Cezar Suceveanu at the ro.wikipedia"",""license"":""CC BY-SA 3.0"",""license_url"":""http://creativecommons.org/licenses/by-sa/3.0/"",""source"":""https://commons.wikimedia.org/wiki/File:Gara_Suceava_Nord2.jpg""}",SV-II-m-B-05468
"Gara Suceava, Strada Nicolae Iorga nr. 7",,gara-suceava-strada-nicolae-iorga-nr-7-suceava,,"gară din România",Suceava,Suceava,cladire-istorica,"Strada Nicolae Iorga nr. 7",47.670556,26.266111,,,,https://thumb.wikimedia.org/wikipedia/commons/thumb/e/eb/Gara_Burdujeni7.jpg/1280px-Gara_Burdujeni7.jpg,,"{""author"":""Cezar Suceveanu"",""license"":""CC BY 3.0"",""license_url"":""https://creativecommons.org/licenses/by/3.0"",""source"":""https://commons.wikimedia.org/wiki/File:Gara_Burdujeni7.jpg""}",SV-II-m-B-05470
"Cetatea de Scaun a Sucevei",,cetatea-de-scaun-a-sucevei-suceava,,"cetate medievală din județul Suceava, România",Suceava,Suceava,castel-palat,,47.6449,26.2703,,,,https://thumb.wikimedia.org/wikipedia/commons/thumb/1/11/Cetatea_de_Scaun_a_Sucevei9.jpg/1280px-Cetatea_de_Scaun_a_Sucevei9.jpg,,"{""author"":""Cezar Suceveanu"",""license"":""CC BY 3.0"",""license_url"":""https://creativecommons.org/licenses/by/3.0"",""source"":""https://commons.wikimedia.org/wiki/File:Cetatea_de_Scaun_a_Sucevei9.jpg""}",SV-II-a-A-05449
"Statuia ecvestră a lui Ștefan cel Mare din Suceava",,statuia-ecvestra-a-lui-stefan-cel-mare-din-suceava-suceava,,,Suceava,Suceava,monument,,47.6423,26.269544444444,,,,https://thumb.wikimedia.org/wikipedia/commons/thumb/f/f4/Statuia_ecvestr%C4%83_a_lui_%C5%9Etefan_cel_Mare_din_Suceava8.jpg/1280px-Statuia_ecvestr%C4%83_a_lui_%C5%9Etefan_cel_Mare_din_Suceava8.jpg,,"{""author"":""Cezar Suceveanu"",""license"":""CC BY 3.0"",""license_url"":""https://creativecommons.org/licenses/by/3.0"",""source"":""https://commons.wikimedia.org/wiki/File:Statuia_ecvestră_a_lui_Ştefan_cel_Mare_din_Suceava8.jpg""}",SV-IV-m-B-05689
"Biserica Sfântul Dumitru din Suceava",,biserica-sfantul-dumitru-din-suceava-suceava,,,Suceava,Suceava,biserica-manastire,"Str. Ștefan cel Mare 1",47.6466,26.2616,,,,https://thumb.wikimedia.org/wikipedia/commons/thumb/4/45/Biserica_Sf._Dumitru_din_Suceava34.jpg/1280px-Biserica_Sf._Dumitru_din_Suceava34.jpg,,"{""author"":""Cezar Suceveanu"",""license"":""CC BY 3.0"",""license_url"":""https://creativecommons.org/licenses/by/3.0"",""source"":""https://commons.wikimedia.org/wiki/File:Biserica_Sf._Dumitru_din_Suceava34.jpg""}",SV-II-a-A-05479
"Biserica Sfântul Ilie din Sfântu Ilie",,biserica-sfantul-ilie-din-sfantu-ilie-suceava,,,Suceava,Suceava,biserica-manastire,,47.637091666667,26.217122222222,,,,https://thumb.wikimedia.org/wikipedia/commons/thumb/6/65/Biserica_Sf%C3%A2ntul_Ilie_din_Sf%C3%A2ntu_Ilie7.jpg/1280px-Biserica_Sf%C3%A2ntul_Ilie_din_Sf%C3%A2ntu_Ilie7.jpg,,"{""author"":""Cezar Suceveanu"",""license"":""CC BY 3.0"",""license_url"":""https://creativecommons.org/licenses/by/3.0"",""source"":""https://commons.wikimedia.org/wiki/File:Biserica_Sfântul_Ilie_din_Sfântu_Ilie7.jpg""}",SV-II-a-A-05638
"Biserica Mirăuți, Str. Mirăuți 17",,biserica-mirauti-str-mirauti-17-suceava,,,Suceava,Suceava,biserica-manastire,"Str. Mirăuți 17",47.6467,26.2667,,,,https://thumb.wikimedia.org/wikipedia/commons/thumb/e/ea/Biserica_Mirauti22.jpg/1280px-Biserica_Mirauti22.jpg,,"{""author"":""Cezar Suceveanu"",""license"":""CC BY 3.0"",""license_url"":""https://creativecommons.org/licenses/by/3.0"",""source"":""https://commons.wikimedia.org/wiki/File:Biserica_Mirauti22.jpg""}",SV-II-m-A-05475
"Palatul de Justiție din Suceava",,palatul-de-justitie-din-suceava-suceava,,,Suceava,Suceava,castel-palat,"Str. Ștefan cel Mare 58",47.640951,26.253206,,,,https://thumb.wikimedia.org/wikipedia/commons/thumb/c/ce/Cl%C4%83direa_Palatului_de_Justi%C5%A3ie_din_Suceava.jpg/1280px-Cl%C4%83direa_Palatului_de_Justi%C5%A3ie_din_Suceava.jpg,,"{""author"":""Cezar Suceveanu"",""license"":""CC BY 3.0"",""license_url"":""https://creativecommons.org/licenses/by/3.0"",""source"":""https://commons.wikimedia.org/wiki/File:Clădirea_Palatului_de_Justiţie_din_Suceava.jpg""}",SV-II-m-B-05482
"Biserica de lemn Înălțarea Domnului din Vama",,biserica-de-lemn-inaltarea-domnului-din-vama-suceava,,,Suceava,Suceava,biserica-manastire,,47.64222,26.27167,,,,https://thumb.wikimedia.org/wikipedia/commons/thumb/5/52/Biserica_de_lemn_%C3%8En%C4%83l%C5%A3area_Domnului_din_Vama11.jpg/1280px-Biserica_de_lemn_%C3%8En%C4%83l%C5%A3area_Domnului_din_Vama11.jpg,,"{""author"":""Cezar Suceveanu"",""license"":""CC BY 3.0"",""license_url"":""https://creativecommons.org/licenses/by/3.0"",""source"":""https://commons.wikimedia.org/wiki/File:Biserica_de_lemn_Înălţarea_Domnului_din_Vama11.jpg""}",SV-II-a-B-05654
"Uzina de Apă din Suceava, Str. Apeductului, nr. 4",,uzina-de-apa-din-suceava-str-apeductului-nr-4-suceava,,,Suceava,Suceava,cladire-istorica,"Str. Apeductului, nr. 4",47.65418602231,26.26135490721,,,,https://thumb.wikimedia.org/wikipedia/commons/thumb/3/34/Uzina_de_Apa_din_Suceava2.jpg/1280px-Uzina_de_Apa_din_Suceava2.jpg,,"{""author"":""Musichistory2009"",""license"":""CC BY-SA 4.0"",""license_url"":""https://creativecommons.org/licenses/by-sa/4.0"",""source"":""https://commons.wikimedia.org/wiki/File:Uzina_de_Apa_din_Suceava2.jpg""}",SV-II-m-B-21030
"Casa memorială „Simion Florea Marian” din Suceava",,casa-memoriala-simion-florea-marian-din-suceava-suceava,,,Suceava,Suceava,muzeu,,47.645118,26.255053,,,,https://thumb.wikimedia.org/wikipedia/commons/thumb/a/a8/Casa_memoriala_S.F._Marian.jpg/1280px-Casa_memoriala_S.F._Marian.jpg,,"{""author"":""Cezar Suceveanu"",""license"":""CC BY 3.0"",""license_url"":""https://creativecommons.org/licenses/by/3.0"",""source"":""https://commons.wikimedia.org/wiki/File:Casa_memoriala_S.F._Marian.jpg""}",SV-IV-m-B-05696
"Hanul Domnesc din Suceava",,hanul-domnesc-din-suceava-suceava,,,Suceava,Suceava,cladire-istorica,"Strada Ciprian Porumbescu nr. 5",47.644572,26.257622,,,,https://thumb.wikimedia.org/wikipedia/commons/thumb/3/39/Hanul_Domnesc_din_Suceava.jpg/1280px-Hanul_Domnesc_din_Suceava.jpg,,"{""author"":""Cezar Suceveanu"",""license"":""CC BY 3.0"",""license_url"":""https://creativecommons.org/licenses/by/3.0"",""source"":""https://commons.wikimedia.org/wiki/File:Hanul_Domnesc_din_Suceava.jpg""}",SV-II-m-B-05476
"Colegiul Național „Vasile Alecsandri” din Galați",,colegiul-national-vasile-alecsandri-din-galati-galati,,,Galați,Galați,cladire-istorica,"Str. Bălcescu Nicolae 41",45.44079971,28.05130005,,,,https://thumb.wikimedia.org/wikipedia/commons/thumb/4/46/GL-II-m-B-03002_Scoala_tip_Spiru_Haret_azi_Colegiul_Vasile_Alecsandri.JPG/1280px-GL-II-m-B-03002_Scoala_tip_Spiru_Haret_azi_Colegiul_Vasile_Alecsandri.JPG,,"{""author"":""Mixolidic"",""license"":""CC BY-SA 3.0 ro"",""license_url"":""https://creativecommons.org/licenses/by-sa/3.0/ro/deed.en"",""source"":""https://commons.wikimedia.org/wiki/File:GL-II-m-B-03002_Scoala_tip_Spiru_Haret_azi_Colegiul_Vasile_Alecsandri.JPG""}",GL-II-m-B-03002
"Biserica Fortificată Sfânta Precista",,biserica-fortificata-sfanta-precista-galati,,,Galați,Galați,biserica-manastire,"Str. Roșiori 2",45.42943,28.05314889,,,,https://thumb.wikimedia.org/wikipedia/commons/thumb/b/b1/Biserica_Fortificata_Precista_Galati.jpg/1280px-Biserica_Fortificata_Precista_Galati.jpg,,"{""author"":""Iulian.crintea at Romanian Wikipedia"",""license"":""Public domain"",""license_url"":"""",""source"":""https://commons.wikimedia.org/wiki/File:Biserica_Fortificata_Precista_Galati.jpg""}",GL-II-a-A-03066
"Biserica cu turn fortificat „Adormirea Maicii Domnului” - Precista",,biserica-cu-turn-fortificat-adormirea-maicii-domnului-precista-galati,,,Galați,Galați,biserica-manastire,"Str. Roșiori 2",45.42943,28.0531488889,,,,,,,GL-II-m-A-03066.01
"Biserica romano-catolică, Str. Domnească 88",,biserica-romano-catolica-str-domneasca-88-galati,,,Galați,Galați,biserica-manastire,"Str. Domnească 88",45.44442,28.05573,,,,https://thumb.wikimedia.org/wikipedia/commons/thumb/e/e7/Iglesia_cat%C3%B3lica%2C_Galati%2C_Ruman%C3%ADa%2C_2016-05-29%2C_DD_01.jpg/1280px-Iglesia_cat%C3%B3lica%2C_Galati%2C_Ruman%C3%ADa%2C_2016-05-29%2C_DD_01.jpg,,"{""author"":""Diego Delso"",""license"":""CC BY-SA 4.0"",""license_url"":""https://creativecommons.org/licenses/by-sa/4.0"",""source"":""https://commons.wikimedia.org/wiki/File:Iglesia_católica,_Galati,_Rumanía,_2016-05-29,_DD_01.jpg""}",GL-II-m-B-03029
"Biserica „Sf. Arhangheli Mihail și Gavril”",,biserica-sf-arhangheli-mihail-si-gavril-galati,,,Galați,Galați,biserica-manastire,"Str. Egalității 6",45.4333,28.0258,,,,,,,GL-II-m-B-03037
"Biserica „Adormirea Maicii Domnului” - Mavromol",,biserica-adormirea-maicii-domnului-mavromol-galati,,,Galați,Galați,biserica-manastire,,45.4348,28.0546,,,,,,,GL-II-m-B-03055.01
"Biserica „Sf. Spiridon”, Str. Sf. Spiridon 13",,biserica-sf-spiridon-str-sf-spiridon-13-galati,,,Galați,Galați,biserica-manastire,"Str. Sf. Spiridon 13",45.434,28.0496,,,,,,,GL-II-m-B-03067
"Biserica „Intrarea în Biserică” - Vovidenia",,biserica-intrarea-in-biserica-vovidenia-galati,,,Galați,Galați,biserica-manastire,"Str. Tăutu Logofăt 24",45.4386,28.0569,,,,,,,GL-II-m-B-03070
"Casa Cavalioti, în prezent Muzeul de Istorie „Paul Păltănea”",,casa-cavalioti-in-prezent-muzeul-de-istorie-paul-paltanea-galati,,"muzeu județean din Galați",Galați,Galați,muzeu,"Str. Fotea Iancu, maior 2",45.437449,28.055371,,,,https://thumb.wikimedia.org/wikipedia/commons/thumb/5/52/Muzeul_de_Istorie_Galati.jpg/1280px-Muzeul_de_Istorie_Galati.jpg,,"{""author"":""Baditastefan"",""license"":""CC BY-SA 3.0 ro"",""license_url"":""https://creativecommons.org/licenses/by-sa/3.0/ro/deed.en"",""source"":""https://commons.wikimedia.org/wiki/File:Muzeul_de_Istorie_Galati.jpg""}",GL-II-m-B-03046
"Muzeul Episcopiei Dunării de Jos",,muzeul-episcopiei-dunarii-de-jos-galati,,,Galați,Galați,muzeu,"Str. Domnească 141",45.451028,28.050249,,,,,,,GL-II-m-B-03036
"Casa Cuza Vodă, azi Muzeul Județean de Istorie",,casa-cuza-voda-azi-muzeul-judetean-de-istorie-galati,,,Galați,Galați,muzeu,"Str. Cuza Alexandru Ioan 80",45.441322,28.05767,,,,,,,GL-II-m-B-03007
"Parcul municipal „Mihai Eminescu” din Galați",,parcul-municipal-mihai-eminescu-din-galati-galati,,,Galați,Galați,parc-gradina,"Str. Domnească, colț cu str. G-ral Iacob Lahovary",45.436174,28.055042,,,,https://thumb.wikimedia.org/wikipedia/commons/thumb/c/c1/Parcul_%22Mihai_Eminescu%22%2C_Galati_%2812%29.JPG/1280px-Parcul_%22Mihai_Eminescu%22%2C_Galati_%2812%29.JPG,,"{""author"":""Mihai Lutasu"",""license"":""CC BY-SA 4.0"",""license_url"":""https://creativecommons.org/licenses/by-sa/4.0"",""source"":""https://commons.wikimedia.org/wiki/File:Parcul_\""Mihai_Eminescu\"",_Galati_(12).JPG""}",GL-II-s-B-03009
"Monumentul lui Mihai Eminescu din Galați",,monumentul-lui-mihai-eminescu-din-galati-galati,,,Galați,Galați,monument,"Str. Domnească, Parcul municipal „Mihai Eminescu”",45.43615,28.054548,,,,https://thumb.wikimedia.org/wikipedia/commons/thumb/d/d4/Monumentul_lui_Mihai_Eminescu.jpg/1280px-Monumentul_lui_Mihai_Eminescu.jpg,,"{""author"":""Baditastefan"",""license"":""CC BY-SA 3.0 ro"",""license_url"":""https://creativecommons.org/licenses/by-sa/3.0/ro/deed.en"",""source"":""https://commons.wikimedia.org/wiki/File:Monumentul_lui_Mihai_Eminescu.jpg""}",GL-III-m-B-03132
"Farmacia Ținc, Str. Eroilor 64",,farmacia-tinc-str-eroilor-64-galati,,"clădire construită la 1900, având inițial destinația de farmacie și locuință",Galați,Galați,cladire-istorica,"Str. Eroilor 64",45.439725,28.049342,,,,https://thumb.wikimedia.org/wikipedia/commons/thumb/7/71/Farmacia_Tinc%2C_Strada_Primaverii%2C_Galati%2C_Romania%2C_devine_muzeul_Casa_Colectiilor_2.JPG/1280px-Farmacia_Tinc%2C_Strada_Primaverii%2C_Galati%2C_Romania%2C_devine_muzeul_Casa_Colectiilor_2.JPG,,"{""author"":""Daniela Horovitz"",""license"":""CC BY-SA 3.0 ro"",""license_url"":""https://creativecommons.org/licenses/by-sa/3.0/ro/deed.en"",""source"":""https://commons.wikimedia.org/wiki/File:Farmacia_Tinc,_Strada_Primaverii,_Galati,_Romania,_devine_muzeul_Casa_Colectiilor_2.JPG""}",GL-II-m-B-03045
"Palatul Poștei, Str. Lahovary Iacob, general 6",,palatul-postei-str-lahovary-iacob-general-6-galati,,,Galați,Galați,cladire-istorica,"Str. Lahovary Iacob, general 6",45.4357,28.05406,,,,,,,GL-II-m-B-03054
"Școala tip „Spiru Haret”, azi Școala Normală „Costache Negri”",,scoala-tip-spiru-haret-azi-scoala-normala-costache-negri-galati,,,Galați,Galați,cladire-istorica,"Str. Brăilei 134",45.4289,28.0331,,,,,,,GL-II-m-B-03004
"Școala tip „Spiru Haret”, Str. Egalității 8",,scoala-tip-spiru-haret-str-egalitatii-8-galati,,,Galați,Galați,cladire-istorica,"Str. Egalității 8",45.4326,28.0258,,,,,,,GL-II-m-B-03038
"Liceul israelit, azi Colegiul „Al.I. Cuza”",,liceul-israelit-azi-colegiul-al-i-cuza-galati,,,Galați,Galați,cladire-istorica,,45.434,28.0527,,,,,,,GL-II-m-B-03068
"Bustul lui Alexandru Ioan Cuza din Galați",,bustul-lui-alexandru-ioan-cuza-din-galati-galati,,,Galați,Galați,monument,"Str. Cuza Alexandru Ioan 80",45.441293,28.05755,,,,https://thumb.wikimedia.org/wikipedia/commons/thumb/c/c3/Bustul_lui_Alexandru_Ioan_Cuza.jpg/1280px-Bustul_lui_Alexandru_Ioan_Cuza.jpg,,"{""author"":""Baditastefan"",""license"":""CC BY-SA 3.0 ro"",""license_url"":""https://creativecommons.org/licenses/by-sa/3.0/ro/deed.en"",""source"":""https://commons.wikimedia.org/wiki/File:Bustul_lui_Alexandru_Ioan_Cuza.jpg""}",GL-III-m-B-03127
"Palatul Navigației, Str. Portului 34",,palatul-navigatiei-str-portului-34-galati,,"clădire neoromânească în Galați, România",Galați,Galați,cladire-istorica,"Str. Portului 34",45.431574,28.061833,,,,https://thumb.wikimedia.org/wikipedia/commons/thumb/8/8b/Palatul_Naviga%C8%9Biei_Gala%C8%9Bi.jpg/1280px-Palatul_Naviga%C8%9Biei_Gala%C8%9Bi.jpg,,"{""author"":""https://www.all-free-photos.com/"",""license"":""CC0"",""license_url"":""http://creativecommons.org/publicdomain/zero/1.0/deed.en"",""source"":""https://commons.wikimedia.org/wiki/File:Palatul_Navigației_Galați.jpg""}",GL-II-m-B-03064
"Basorelieful „Concertul”, Str. Brăilei 134, în fața Casei de Cultură",,basorelieful-concertul-str-brailei-134-in-fata-casei-de-cultura-galati,,,Galați,Galați,monument,"Str. Brăilei 134, în fața Casei de Cultură",45.4344,28.0523,,,,https://thumb.wikimedia.org/wikipedia/commons/thumb/e/e7/GL-III-m-B-03125_Basorelieful_Concertul.JPG/1280px-GL-III-m-B-03125_Basorelieful_Concertul.JPG,,"{""author"":""Mixolidic"",""license"":""CC BY-SA 3.0 ro"",""license_url"":""https://creativecommons.org/licenses/by-sa/3.0/ro/deed.en"",""source"":""https://commons.wikimedia.org/wiki/File:GL-III-m-B-03125_Basorelieful_Concertul.JPG""}",GL-III-m-B-03125
"Ansamblul urban „Str. Domnească”",,ansamblul-urban-str-domneasca-galati,,,Galați,Galați,piata-centru-vechi,,45.44,28.0575,,,,,,,GL-II-a-B-03010
"Sucursala Galați a Băncii Naționale a României",,sucursala-galati-a-bancii-nationale-a-romaniei-galati,,,Galați,Galați,cladire-istorica,"Str. Fraternității 2",45.4353,28.0256,,,,,,,GL-II-m-B-03047
"Spitalul Militar dr. Aristide Serfioti",,spitalul-militar-dr-aristide-serfioti-galati,,,Galați,Galați,cladire-istorica,"Str. Traian 199",45.449,28.0431,,,,,,,GL-II-m-B-03071
"Catedrala arhiepiscopală din Galați",,catedrala-arhiepiscopala-din-galati-galati,,,Galați,Galați,biserica-manastire,"Str. Domnească 104",45.44722,28.0546,,,,,,,GL-II-m-B-03032
"Ansamblul bisericii „Adormirea Maicii Domnului” - Mavromol",,ansamblul-bisericii-adormirea-maicii-domnului-mavromol-galati,,,Galați,Galați,piata-centru-vechi,,45.4348,28.0546,,,,,,,GL-II-a-B-03055
"Pescăriile Statului, Str. Portului 56",,pescariile-statului-str-portului-56-galati,,,Galați,Galați,cladire-istorica,"Str. Portului 56",45.4392,28.075,,,,,,,GL-II-m-B-03065
"Colegiul Național „Nicolae Bălcescu” din Brăila",,colegiul-national-nicolae-balcescu-din-braila-braila,,,Brăila,Brăila,cladire-istorica,"Bd. Cuza Alexandru Ioan 182",45.2748,27.9697,,,,https://thumb.wikimedia.org/wikipedia/commons/thumb/f/f0/Br233_colegiul_balcescu.jpg/1280px-Br233_colegiul_balcescu.jpg,,"{""author"":""The1"",""license"":""CC BY-SA 4.0"",""license_url"":""https://creativecommons.org/licenses/by-sa/4.0"",""source"":""https://commons.wikimedia.org/wiki/File:Br233_colegiul_balcescu.jpg""}",BR-II-m-B-02093
"Casa Embericos, azi Centrul Cultural „Nicăpetre”",,casa-embericos-azi-centrul-cultural-nicapetre-braila,,,Brăila,Brăila,cladire-istorica,"Str. Belvedere 1",45.272067,27.976846,,,,https://thumb.wikimedia.org/wikipedia/commons/thumb/e/ee/Casa_Embericos_3.JPG/1280px-Casa_Embericos_3.JPG,,"{""author"":""CosminM"",""license"":""CC BY-SA 3.0 ro"",""license_url"":""https://creativecommons.org/licenses/by-sa/3.0/ro/deed.en"",""source"":""https://commons.wikimedia.org/wiki/File:Casa_Embericos_3.JPG""}",BR-II-m-B-02068
"Biserica Greacă din Brăila",,biserica-greaca-din-braila-braila,,"monument istoric",Brăila,Brăila,biserica-manastire,,45.2701715,27.9758511,,,,https://thumb.wikimedia.org/wikipedia/commons/thumb/a/a4/Biserica_Buna_Vestire_-_Br%C4%83ila.jpg/1280px-Biserica_Buna_Vestire_-_Br%C4%83ila.jpg,,"{""author"":""Malenki"",""license"":""CC BY-SA 3.0 ro"",""license_url"":""https://creativecommons.org/licenses/by-sa/3.0/ro/deed.en"",""source"":""https://commons.wikimedia.org/wiki/File:Biserica_Buna_Vestire_-_Brăila.jpg""}",BR-II-m-A-02076
"Biserica „Sf. Arhangheli Mihail și Gavril” din Brăila",,biserica-sf-arhangheli-mihail-si-gavril-din-braila-braila,,,Brăila,Brăila,biserica-manastire,"Piața Traian",45.2712687,27.9742511,,,,https://upload.wikimedia.org/wikipedia/commons/f/f0/Sfintii_Arhangheli_Kings_Braila.jpg,,"{""author"":""Joseolgon at Portuguese Wikipedia"",""license"":""CC BY-SA 3.0"",""license_url"":""http://creativecommons.org/licenses/by-sa/3.0/"",""source"":""https://commons.wikimedia.org/wiki/File:Sfintii_Arhangheli_Kings_Braila.jpg""}",BR-II-m-A-02130
"Biserica „Sf. Nicolae” din Brăila",,biserica-sf-nicolae-din-braila-braila,,,Brăila,Brăila,biserica-manastire,"Str. Aslan Ana 12",45.2683318,27.9720544,,,,https://thumb.wikimedia.org/wikipedia/commons/thumb/b/b3/Biserica_%22Sf._Nicolae%22_%281860-1865%29_-_Braila_%281%29.jpg/1280px-Biserica_%22Sf._Nicolae%22_%281860-1865%29_-_Braila_%281%29.jpg,,"{""author"":""Krysthy"",""license"":""CC BY-SA 3.0 ro"",""license_url"":""https://creativecommons.org/licenses/by-sa/3.0/ro/deed.en"",""source"":""https://commons.wikimedia.org/wiki/File:Biserica_\""Sf._Nicolae\""_(1860-1865)_-_Braila_(1).jpg""}",BR-II-m-B-02065
"Biserica „Sf. Apostoli Petru și Pavel și Sf. Cuvioasă Parascheva”",,biserica-sf-apostoli-petru-si-pavel-si-sf-cuvioasa-parascheva-braila,,,Brăila,Brăila,biserica-manastire,"Str. Maior Petru 24",45.277664,27.960205,,,,,,,BR-II-m-B-02112
"Teatrul „Maria Filotti” Brăila",,teatrul-maria-filotti-braila-braila,,,Brăila,Brăila,teatru-opera,"Str. Eminescu Mihai 2",45.271725,27.97343611,,,,https://thumb.wikimedia.org/wikipedia/commons/thumb/0/0d/Teatro_Maria_Filotti%2C_Braila%2C_Ruman%C3%ADa%2C_2016-05-28%2C_DD_118-120_HDR.jpg/1280px-Teatro_Maria_Filotti%2C_Braila%2C_Ruman%C3%ADa%2C_2016-05-28%2C_DD_118-120_HDR.jpg,,"{""author"":""Diego Delso"",""license"":""CC BY-SA 4.0"",""license_url"":""https://creativecommons.org/licenses/by-sa/4.0"",""source"":""https://commons.wikimedia.org/wiki/File:Teatro_Maria_Filotti,_Braila,_Rumanía,_2016-05-28,_DD_118-120_HDR.jpg""}",BR-II-m-B-02097
"Cimitirul Eroilor (1916-1919)",,cimitirul-eroilor-1916-1919-braila,,,Brăila,Brăila,monument,"Str. Pietății 17, în cimitirul „Sf. Constantin”",45.263258,27.949433,,,,,,,BR-IV-s-B-02166
"Castelul de apă, Str. Grădinii Publice 20, colț cu str. Vadul Schelei",,castelul-de-apa-str-gradinii-publice-20-colt-cu-str-vadul-schelei-braila,,,Brăila,Brăila,castel-palat,"Str. Grădinii Publice 20, colț cu str. Vadul Schelei",45.27542,27.97852,,,,https://thumb.wikimedia.org/wikipedia/commons/thumb/a/a8/The_old_Water_Tower_in_the_Public_Garden.JPG/1280px-The_old_Water_Tower_in_the_Public_Garden.JPG,,"{""author"":""Mr.Felix"",""license"":""Public domain"",""license_url"":"""",""source"":""https://commons.wikimedia.org/wiki/File:The_old_Water_Tower_in_the_Public_Garden.JPG""}",BR-II-m-B-02104
"Osuarul românilor căzuți în Moldova în 1917",,osuarul-romanilor-cazuti-in-moldova-in-1917-braila,,,Brăila,Brăila,monument,"Str. Pietății 17, în „Cimitirul Eroilor” din cimitirul „Sf. Constantin”",45.263258,27.949433,,,,,,,BR-IV-m-B-02161
"Ansamblul „Str. M. Eminescu - str. 1 Decembrie 1918”",,ansamblul-str-m-eminescu-str-1-decembrie-1918-braila,,,Brăila,Brăila,piata-centru-vechi,"Str. Eminescu Mihai, și Str. 1 Decembrie 1918 până la intersecția cu str. Griviței",45.271141,27.979774,,,,,,,BR-II-a-B-02096
"Fosta școală greacă, Str. Rubinelor 2",,fosta-scoala-greaca-str-rubinelor-2-braila,,,Brăila,Brăila,cladire-istorica,"Str. Rubinelor 2",45.2701,27.9774,,,,,,,BR-II-m-B-02126
"Casa Petre Ștefănescu-Goangă",,casa-petre-stefanescu-goanga-braila,,,Brăila,Brăila,cladire-istorica,"Piața Poligon 2",45.272800798959,27.975701576763,,,,https://thumb.wikimedia.org/wikipedia/commons/thumb/1/11/RO_BR_Braila_Petre_Stefanescu-Goanga_house.jpg/1280px-RO_BR_Braila_Petre_Stefanescu-Goanga_house.jpg,,"{""author"":""Andrei Stroe"",""license"":""CC BY-SA 4.0"",""license_url"":""https://creativecommons.org/licenses/by-sa/4.0"",""source"":""https://commons.wikimedia.org/wiki/File:RO_BR_Braila_Petre_Stefanescu-Goanga_house.jpg""}",BR-IV-m-B-02167
"Ceasul public din Brăila, Piața Traian, în parc",,ceasul-public-din-braila-piata-traian-in-parc-braila,,,Brăila,Brăila,cladire-istorica,"Piața Traian, în parc",45.273859,27.974882,,,,https://thumb.wikimedia.org/wikipedia/commons/thumb/5/53/Ceasul_public.JPG/1280px-Ceasul_public.JPG,,"{""author"":""Dumitrel Stan"",""license"":""CC BY-SA 3.0 ro"",""license_url"":""https://creativecommons.org/licenses/by-sa/3.0/ro/deed.en"",""source"":""https://commons.wikimedia.org/wiki/File:Ceasul_public.JPG""}",BR-III-m-B-02146
"Casa Memorială „Panait Istrati”",,casa-memoriala-panait-istrati-braila,,,Brăila,Brăila,monument,"Str. Grădinii Publice 20, în Grădina Publică",45.273795,27.978909,,,,https://thumb.wikimedia.org/wikipedia/commons/thumb/4/4c/Casa_%22_Panait_Istrati%22.JPG/1280px-Casa_%22_Panait_Istrati%22.JPG,,"{""author"":""Anomar"",""license"":""CC BY-SA 3.0 ro"",""license_url"":""https://creativecommons.org/licenses/by-sa/3.0/ro/deed.en"",""source"":""https://commons.wikimedia.org/wiki/File:Casa_\""_Panait_Istrati\"".JPG""}",BR-IV-m-B-02157
"Casă, azi sediul P.N.Ț.C.D.",,casa-azi-sediul-p-n-t-c-d-botosani,,,Botoșani,Botoșani,cladire-istorica,"Str. 1 Decembrie 13",47.7461,26.6649,,,,,,,BT-II-m-A-01851
"Casă, Str. Maniu Iuliu 5",,casa-str-maniu-iuliu-5-botosani,,"monument istoric din Botoșani BT-II-m-A-01904",Botoșani,Botoșani,cladire-istorica,"Str. Maniu Iuliu 5",47.743374,26.672741,,,,,,,BT-II-m-A-01904
"Casă, Str. Băncilă Octav 29",,casa-str-bancila-octav-29-botosani,,,Botoșani,Botoșani,cladire-istorica,"Str. Băncilă Octav 29",47.7453,26.6574,,,,,,,BT-II-m-B-01864
"Fosta casă Urșianu-Fisher, azi Casa de asigurări pentru sănătate Botoșani",,fosta-casa-ursianu-fisher-azi-casa-de-asigurari-pentru-sanatate-botosani-botosani,,,Botoșani,Botoșani,cladire-istorica,"Bd. Eminescu Mihai 52",47.7392,26.662,,,,,,,BT-II-m-B-01884
"Casa Prasa, azi Hotelul Belvedere",,casa-prasa-azi-hotelul-belvedere-botosani,,,Botoșani,Botoșani,cladire-istorica,"Bd. Eminescu Mihai 61",47.7421,26.6579,,,,,,,BT-II-m-B-01886
"Casa Dr. Capșa, azi Grădinița nr. 18",,casa-dr-capsa-azi-gradinita-nr-18-botosani,,,Botoșani,Botoșani,cladire-istorica,"Bd. Eminescu Mihai 72",47.7378,26.6644,,,,,,,BT-II-m-B-01888
"Casă, azi sediul Romsilva S.A. Ocolul silvic Mihai Eminescu",,casa-azi-sediul-romsilva-s-a-ocolul-silvic-mihai-eminescu-botosani,,,Botoșani,Botoșani,cladire-istorica,"Str. Iorga Nicolae 34",47.735444093462,26.660393662883,,,,,,,BT-II-m-B-01896
"Casa Jean Goilav, Str. Kogălniceanu Mihail 12",,casa-jean-goilav-str-kogalniceanu-mihail-12-botosani,,,Botoșani,Botoșani,cladire-istorica,"Str. Kogălniceanu Mihail 12",47.738131,26.659722,,,,,,,BT-II-m-B-01897
"Casa Dr. Goilav, Str. Kogălniceanu Mihail 16",,casa-dr-goilav-str-kogalniceanu-mihail-16-botosani,,"monument istoric",Botoșani,Botoșani,cladire-istorica,"Str. Kogălniceanu Mihail 16",47.738771633526,26.660991503865,,,,,,,BT-II-m-B-01898
"Casa Mavrocordat, azi Grădinița Nr. 24",,casa-mavrocordat-azi-gradinita-nr-24-botosani,,,Botoșani,Botoșani,cladire-istorica,"Str. Kogălniceanu Mihail 20",47.738103094556,26.658592006741,,,,,,,BT-II-m-B-01899
"Casa farmacistului Vasiliu, azi Palatul Copiilor",,casa-farmacistului-vasiliu-azi-palatul-copiilor-botosani,,,Botoșani,Botoșani,cladire-istorica,"Str. Kogălniceanu Mihail 31",47.737759,26.659269,,,,,,,BT-II-m-B-01901
"Casa Garabet–Ciolac, azi sediul Direcției de Sănătate Publică Botoșani",,casa-garabet-ciolac-azi-sediul-directiei-de-sanatate-publica-botosani-botosani,,,Botoșani,Botoșani,cladire-istorica,"Str. Marchian 7",47.742322257532,26.661844786184,,,,,,,BT-II-m-B-01907
"Casa Moscovici, azi S.C. „Nord Proiect”",,casa-moscovici-azi-s-c-nord-proiect-botosani,,,Botoșani,Botoșani,cladire-istorica,,47.7459,26.665,,,,https://thumb.wikimedia.org/wikipedia/commons/thumb/3/38/Casa_Moscovici_%C8%99i_fostul_sediu_al_BNR.jpg/1280px-Casa_Moscovici_%C8%99i_fostul_sediu_al_BNR.jpg,,"{""author"":""Bogdan29roman"",""license"":""CC BY-SA 3.0"",""license_url"":""https://creativecommons.org/licenses/by-sa/3.0"",""source"":""https://commons.wikimedia.org/wiki/File:Casa_Moscovici_și_fostul_sediu_al_BNR.jpg""}",BT-II-m-B-01913
"Casa Alexandru Văsescu, Aleea Rapsodiei nr 6",,casa-alexandru-vasescu-aleea-rapsodiei-nr-6-botosani,,"monument istoric din Botoșani",Botoșani,Botoșani,cladire-istorica,"Aleea Rapsodiei nr 6",47.744598051514,26.658185117891,,,,https://thumb.wikimedia.org/wikipedia/commons/thumb/b/be/RO_BT_Casa_Alexandru_V%C4%83sescu.JPG/1280px-RO_BT_Casa_Alexandru_V%C4%83sescu.JPG,,"{""author"":""Flori &amp; Nicu Farcaș"",""license"":""CC BY-SA 4.0"",""license_url"":""https://creativecommons.org/licenses/by-sa/4.0"",""source"":""https://commons.wikimedia.org/wiki/File:RO_BT_Casa_Alexandru_Văsescu.JPG""}",BT-II-m-B-01927
"Casa Constantin Zamfirescu, azi Centrul pentru pregătirea profesională a șomerilor Botoșani",,casa-constantin-zamfirescu-azi-centrul-pentru-pregatirea-profesionala-a-somerilor-botosani-botosani,,"monument istoric din Botoșani, județul Botoșani",Botoșani,Botoșani,cladire-istorica,,47.7443,26.6592,,,,https://upload.wikimedia.org/wikipedia/commons/2/22/Casa_Constantin_Zamfirescu%2C_Boto%C8%99ani.jpg,,"{""author"":""Cezara Tudosă"",""license"":""CC BY-SA 3.0 ro"",""license_url"":""https://creativecommons.org/licenses/by-sa/3.0/ro/deed.en"",""source"":""https://commons.wikimedia.org/wiki/File:Casa_Constantin_Zamfirescu,_Botoșani.jpg""}",BT-II-m-B-01935
"Casă cu prăvălie, Str. Victoriei 12",,casa-cu-pravalie-str-victoriei-12-botosani,,,Botoșani,Botoșani,cladire-istorica,"Str. Victoriei 12",47.7437,26.6691,,,,,,,BT-II-m-B-01941
"Banca Națională, azi Biblioteca Județeană „Mihai Eminescu” Botoșani",,banca-nationala-azi-biblioteca-judeteana-mihai-eminescu-botosani-botosani,,,Botoșani,Botoșani,cladire-istorica,,47.7458,26.6648,,,,,,,BT-II-m-B-01914
"Palatul de Justiție din Botoșani",,palatul-de-justitie-din-botosani-botosani,,,Botoșani,Botoșani,castel-palat,"Bd. Mihai Eminescu 8",47.7419,26.6575,,,,,,,BT-II-m-B-01880
"Biserica Sfânta Maria din Botoșani",,biserica-sfanta-maria-din-botosani-botosani,,"biserică armeano-gregoriană  din Botoșani, România",Botoșani,Botoșani,biserica-manastire,"Str. Armeană 3",47.74111,26.67,,,,,,,BT-II-m-B-01858
"Biserica Sfântul Gheorghe din Botoșani",,biserica-sfantul-gheorghe-din-botosani-botosani,,"biserică ortodoxă din Botoșani, România",Botoșani,Botoșani,biserica-manastire,"Strada Victoriei",47.766666666667,26.65,,,,https://thumb.wikimedia.org/wikipedia/commons/thumb/d/dc/Esglesia_Bt.jpg/1280px-Esglesia_Bt.jpg,,"{""author"":""Bogdan29roman"",""license"":""CC BY-SA 3.0 ro"",""license_url"":""https://creativecommons.org/licenses/by-sa/3.0/ro/deed.en"",""source"":""https://commons.wikimedia.org/wiki/File:Esglesia_Bt.jpg""}",BT-II-a-A-01942
"Biserica „Sf. Gheorghe”, Str. Victoriei 14",,biserica-sf-gheorghe-str-victoriei-14-botosani,,,Botoșani,Botoșani,biserica-manastire,"Str. Victoriei 14",47.743,26.6691,,,,,,,BT-II-a-A-01942.01
"Biserica Sfântul Spiridon din Botoșani",,biserica-sfantul-spiridon-din-botosani-botosani,,"biserică monument din Botoșani, judetul Botoșani",Botoșani,Botoșani,biserica-manastire,"Str. Independenței 39",47.7456,26.6739,,,,,,,BT-II-a-B-01892.01
"Biserica lipovenească „Nașterea Maicii Domnului”",,biserica-lipoveneasca-nasterea-maicii-domnului-botosani,,"biserică monument istoric din Botoșani",Botoșani,Botoșani,biserica-manastire,"Str. Antipa Grigore 8",47.749747,26.676302,,,,,,,BT-II-m-B-01857
"Biserica „Sf. Ioan Botezătorul”",,biserica-sf-ioan-botezatorul-botosani,,"biserică monument din Botoșani",Botoșani,Botoșani,biserica-manastire,"Str. Grigorescu Nicolae 1",47.7378,26.6672,,,,,,,BT-II-m-B-01891
"Biserica Băcanilor și Răchitenilor, azi Biserica „Sf. Trei Ierarhi”",,biserica-bacanilor-si-rachitenilor-azi-biserica-sf-trei-ierarhi-botosani,,,Botoșani,Botoșani,biserica-manastire,"Str. Bucovinei 12",47.73726809422,26.657307470295,,,,,,,BT-II-m-B-01900
"Biserica „Sf. Nicolae”, Str. Pușkin A. S. 25",,biserica-sf-nicolae-str-puskin-a-s-25-botosani,,"biserică monument din Botoșani, România",Botoșani,Botoșani,biserica-manastire,"Str. Pușkin A. S. 25",47.738784,26.674797,,,,https://thumb.wikimedia.org/wikipedia/commons/thumb/8/87/Biserica_Sfantul_Nicolae_-_panoramio.jpg/1280px-Biserica_Sfantul_Nicolae_-_panoramio.jpg,,"{""author"":""XnetBotosani"",""license"":""CC BY-SA 3.0"",""license_url"":""https://creativecommons.org/licenses/by-sa/3.0"",""source"":""https://commons.wikimedia.org/wiki/File:Biserica_Sfantul_Nicolae_-_panoramio.jpg""}",BT-II-m-B-01926
"Biserica „Sf. Nicolae”, Str. Pușkin A. S. 25",,biserica-sf-nicolae-str-puskin-a-s-25-botosani-a3f69b,,"biserică monument din Botoșani, România",Botoșani,Botoșani,biserica-manastire,"Str. Pușkin A. S. 25",47.7388,26.6745,,,,https://thumb.wikimedia.org/wikipedia/commons/thumb/8/87/Biserica_Sfantul_Nicolae_-_panoramio.jpg/1280px-Biserica_Sfantul_Nicolae_-_panoramio.jpg,,"{""author"":""XnetBotosani"",""license"":""CC BY-SA 3.0"",""license_url"":""https://creativecommons.org/licenses/by-sa/3.0"",""source"":""https://commons.wikimedia.org/wiki/File:Biserica_Sfantul_Nicolae_-_panoramio.jpg""}",BT-II-m-B-01926
"Biserica „Sf. Nicolae”, Strada Aleksandr Pușkin Nr. 25",,biserica-sf-nicolae-strada-aleksandr-puskin-nr-25-botosani,,"biserică monument din Botoșani, România",Botoșani,Botoșani,biserica-manastire,"Strada Aleksandr Pușkin Nr. 25",47.738784,26.674797,,,,https://thumb.wikimedia.org/wikipedia/commons/thumb/8/87/Biserica_Sfantul_Nicolae_-_panoramio.jpg/1280px-Biserica_Sfantul_Nicolae_-_panoramio.jpg,,"{""author"":""XnetBotosani"",""license"":""CC BY-SA 3.0"",""license_url"":""https://creativecommons.org/licenses/by-sa/3.0"",""source"":""https://commons.wikimedia.org/wiki/File:Biserica_Sfantul_Nicolae_-_panoramio.jpg""}",BT-II-m-B-01926
"Biserica „Sf. Nicolae”, Strada Aleksandr Pușkin Nr. 25",,biserica-sf-nicolae-strada-aleksandr-puskin-nr-25-botosani-a3f69b,,"biserică monument din Botoșani, România",Botoșani,Botoșani,biserica-manastire,"Strada Aleksandr Pușkin Nr. 25",47.7388,26.6745,,,,https://thumb.wikimedia.org/wikipedia/commons/thumb/8/87/Biserica_Sfantul_Nicolae_-_panoramio.jpg/1280px-Biserica_Sfantul_Nicolae_-_panoramio.jpg,,"{""author"":""XnetBotosani"",""license"":""CC BY-SA 3.0"",""license_url"":""https://creativecommons.org/licenses/by-sa/3.0"",""source"":""https://commons.wikimedia.org/wiki/File:Biserica_Sfantul_Nicolae_-_panoramio.jpg""}",BT-II-m-B-01926
"Biserica „Cuvioasa Parascheva”",,biserica-cuvioasa-parascheva-botosani,,"biserică monument istoric din Botoșani, România",Botoșani,Botoșani,biserica-manastire,"Pietonalul Unirii 4",47.745117,26.660425,,,,https://thumb.wikimedia.org/wikipedia/commons/thumb/a/a2/RO_BT_Biserica_%E2%80%9ECuvioasa_Parascheva%E2%80%9D_din_Boto%C8%99ani.JPG/1280px-RO_BT_Biserica_%E2%80%9ECuvioasa_Parascheva%E2%80%9D_din_Boto%C8%99ani.JPG,,"{""author"":""Flori &amp; Nicu Farcaș"",""license"":""CC BY-SA 4.0"",""license_url"":""https://creativecommons.org/licenses/by-sa/4.0"",""source"":""https://commons.wikimedia.org/wiki/File:RO_BT_Biserica_„Cuvioasa_Parascheva”_din_Botoșani.JPG""}",BT-II-m-B-01934
"Biserica „Cuvioasa Parascheva”",,biserica-cuvioasa-parascheva-botosani-25fd37,,"biserică monument istoric din Botoșani, România",Botoșani,Botoșani,biserica-manastire,"Pietonalul Unirii 4",47.7449,26.6607,,,,https://thumb.wikimedia.org/wikipedia/commons/thumb/a/a2/RO_BT_Biserica_%E2%80%9ECuvioasa_Parascheva%E2%80%9D_din_Boto%C8%99ani.JPG/1280px-RO_BT_Biserica_%E2%80%9ECuvioasa_Parascheva%E2%80%9D_din_Boto%C8%99ani.JPG,,"{""author"":""Flori &amp; Nicu Farcaș"",""license"":""CC BY-SA 4.0"",""license_url"":""https://creativecommons.org/licenses/by-sa/4.0"",""source"":""https://commons.wikimedia.org/wiki/File:RO_BT_Biserica_„Cuvioasa_Parascheva”_din_Botoșani.JPG""}",BT-II-m-B-01934
"Teatrul Mihai Eminescu din Botoșani",,teatrul-mihai-eminescu-din-botosani-botosani,,"teatru din Botoșani",Botoșani,Botoșani,teatru-opera,"Str. Cuza Vodă 3",47.744444444444,26.662777777778,,,,https://thumb.wikimedia.org/wikipedia/commons/thumb/7/7a/Teatro_de_Botosani.jpg/1280px-Teatro_de_Botosani.jpg,,"{""author"":""Bogdan29roman"",""license"":""CC BY-SA 3.0 ro"",""license_url"":""https://creativecommons.org/licenses/by-sa/3.0/ro/deed.en"",""source"":""https://commons.wikimedia.org/wiki/File:Teatro_de_Botosani.jpg""}",BT-II-m-B-02037
"Muzeul de Etnografie din Botoșani",,muzeul-de-etnografie-din-botosani-botosani,,,Botoșani,Botoșani,muzeu,,47.7441,26.6609,,,,https://thumb.wikimedia.org/wikipedia/commons/thumb/f/f6/Casa_Manolache_Iorga_-_Muzeul_Etnografic_-_panoramio.jpg/1280px-Casa_Manolache_Iorga_-_Muzeul_Etnografic_-_panoramio.jpg,,"{""author"":""XnetBotosani"",""license"":""CC BY-SA 3.0"",""license_url"":""https://creativecommons.org/licenses/by-sa/3.0"",""source"":""https://commons.wikimedia.org/wiki/File:Casa_Manolache_Iorga_-_Muzeul_Etnografic_-_panoramio.jpg""}",BT-II-m-B-01933
"Muzeul Județean Botoșani, Str. Unirii, nr. 15, Botoșani",,muzeul-judetean-botosani-str-unirii-nr-15-botosani-botosani,,,Botoșani,Botoșani,muzeu,"Str. Unirii, nr. 15, Botoșani",47.743328,26.657223,,,,https://thumb.wikimedia.org/wikipedia/commons/thumb/5/5d/Prefectura_Veche_Bt.jpg/1280px-Prefectura_Veche_Bt.jpg,,"{""author"":""Bogdan29roman"",""license"":""CC BY-SA 3.0 ro"",""license_url"":""https://creativecommons.org/licenses/by-sa/3.0/ro/deed.en"",""source"":""https://commons.wikimedia.org/wiki/File:Prefectura_Veche_Bt.jpg""}",BT-II-m-B-01937
"Biserica Sfântul Ilie din Botoșani",,biserica-sfantul-ilie-din-botosani-botosani,,"biserică monument istoric din Botoșani, România",Botoșani,Botoșani,biserica-manastire,"Calea Națională 87-A",47.747766,26.662826,,,,https://thumb.wikimedia.org/wikipedia/commons/thumb/7/7f/Biserica_Sf%C3%A2ntul_Ilie_din_Boto%C8%99ani.jpg/1280px-Biserica_Sf%C3%A2ntul_Ilie_din_Boto%C8%99ani.jpg,,"{""author"":""Bogdan29roman"",""license"":""CC BY-SA 3.0"",""license_url"":""https://creativecommons.org/licenses/by-sa/3.0"",""source"":""https://commons.wikimedia.org/wiki/File:Biserica_Sfântul_Ilie_din_Botoșani.jpg""}",BT-II-m-B-01915
"Casa Silion, Str. Brătianu I.C. 18",,casa-silion-str-bratianu-i-c-18-botosani,,,Botoșani,Botoșani,cladire-istorica,"Str. Brătianu I.C. 18",47.7442,26.6758,,,,https://thumb.wikimedia.org/wikipedia/commons/thumb/8/84/Casa_Silion_-_panoramio_%281%29.jpg/1280px-Casa_Silion_-_panoramio_%281%29.jpg,,"{""author"":""XnetBotosani"",""license"":""CC BY-SA 3.0"",""license_url"":""https://creativecommons.org/licenses/by-sa/3.0"",""source"":""https://commons.wikimedia.org/wiki/File:Casa_Silion_-_panoramio_(1).jpg""}",BT-II-m-B-01866
"Camera de Comerț, Str. Dragoș Vodă 13",,camera-de-comert-str-dragos-voda-13-botosani,,,Botoșani,Botoșani,cladire-istorica,"Str. Dragoș Vodă 13",47.7439,26.6743,,,,,,,BT-II-m-B-01875
"Casa Ciulei, azi Laboratorul de Medicină Legală",,casa-ciulei-azi-laboratorul-de-medicina-legala-botosani,,,Botoșani,Botoșani,cladire-istorica,"Str. Iorga Nicolae 3",47.7399,26.6654,,,,https://thumb.wikimedia.org/wikipedia/commons/thumb/6/65/Laboratorul_de_Medicina_Legala_-_Casa_Ciulei_-_panoramio.jpg/1280px-Laboratorul_de_Medicina_Legala_-_Casa_Ciulei_-_panoramio.jpg,,"{""author"":""XnetBotosani"",""license"":""CC BY-SA 3.0"",""license_url"":""https://creativecommons.org/licenses/by-sa/3.0"",""source"":""https://commons.wikimedia.org/wiki/File:Laboratorul_de_Medicina_Legala_-_Casa_Ciulei_-_panoramio.jpg""}",BT-II-m-B-01893
"Casa Michel, Str. Maniu Iuliu 17",,casa-michel-str-maniu-iuliu-17-botosani,,,Botoșani,Botoșani,cladire-istorica,"Str. Maniu Iuliu 17",47.7426,26.673577,,,,https://thumb.wikimedia.org/wikipedia/commons/thumb/f/fa/Casa_Michel%2C_img._01.jpg/1280px-Casa_Michel%2C_img._01.jpg,,"{""author"":""Fortunados"",""license"":""CC BY-SA 4.0"",""license_url"":""https://creativecommons.org/licenses/by-sa/4.0"",""source"":""https://commons.wikimedia.org/wiki/File:Casa_Michel,_img._01.jpg""}",BT-II-m-B-01905
"Poșta veche, Str. Poștei 4",,posta-veche-str-postei-4-botosani,,,Botoșani,Botoșani,cladire-istorica,"Str. Poștei 4",47.7435,26.6695,,,,,,,BT-II-m-B-01922
"Cimitir, Str. Armeană 3",,cimitir-str-armeana-3-botosani,,,Botoșani,Botoșani,monument,"Str. Armeană 3",47.741377759552,26.670112123045,,,,,,,BT-IV-m-B-01858.03
"Gara Botoșani, Strada Gării 1",,gara-botosani-strada-garii-1-botosani,,"gară din România",Botoșani,Botoșani,cladire-istorica,"Strada Gării 1",47.7529,26.6446,,,,https://thumb.wikimedia.org/wikipedia/commons/thumb/d/db/GaraBotosaniRomania.jpg/1280px-GaraBotosaniRomania.jpg,,"{""author"":""MSClaudiu"",""license"":""CC BY-SA 4.0"",""license_url"":""https://creativecommons.org/licenses/by-sa/4.0"",""source"":""https://commons.wikimedia.org/wiki/File:GaraBotosaniRomania.jpg""}",BT-II-m-B-01923
"Mănăstirea Popăuți, Str. Ștefan cel Mare 41",,manastirea-popauti-str-stefan-cel-mare-41-botosani,,"mănăstire din Botoșani, România",Botoșani,Botoșani,biserica-manastire,"Str. Ștefan cel Mare 41",47.755,26.64528,,,,https://thumb.wikimedia.org/wikipedia/commons/thumb/c/c9/M%C4%83n%C4%83stirea_Pop%C4%83u%C5%A3i.jpg/1280px-M%C4%83n%C4%83stirea_Pop%C4%83u%C5%A3i.jpg,,"{""author"":""Cezar Suceveanu"",""license"":""CC BY 3.0"",""license_url"":""https://creativecommons.org/licenses/by/3.0"",""source"":""https://commons.wikimedia.org/wiki/File:Mănăstirea_Popăuţi.jpg""}",BT-II-a-A-01929
"Zid de incintă, Str. Armeană 15",,zid-de-incinta-str-armeana-15-botosani,,"monument istoric din Botoșani",Botoșani,Botoșani,cladire-istorica,"Str. Armeană 15",47.740026118009,26.672248354993,,,,,,,BT-II-m-B-01859.03
"Uzina electrică",,uzina-electrica-botosani,,,Botoșani,Botoșani,cladire-istorica,,47.7511,26.6464,,,,,,,BT-II-m-B-01911
"Monumentul Eroilor din Primul Război Mondial",,monumentul-eroilor-din-primul-razboi-mondial-botosani,,,Botoșani,Botoșani,monument,"Piața 1 Decembrie 1918",47.745077,26.669253,,,,https://thumb.wikimedia.org/wikipedia/commons/thumb/7/77/Monumentul_Eroilor_din_Primul_R%C4%83zboi_Mondial_Botosani.jpg/1280px-Monumentul_Eroilor_din_Primul_R%C4%83zboi_Mondial_Botosani.jpg,,"{""author"":""MSClaudiu"",""license"":""CC BY-SA 4.0"",""license_url"":""https://creativecommons.org/licenses/by-sa/4.0"",""source"":""https://commons.wikimedia.org/wiki/File:Monumentul_Eroilor_din_Primul_Război_Mondial_Botosani.jpg""}",BT-III-m-B-02033
"Bustul poetului Mihai Eminescu",,bustul-poetului-mihai-eminescu-botosani,,"monument istoric Piața Revoluției",Botoșani,Botoșani,monument,"Piața Revoluției 1",47.74473,26.662682,,,,,,,BT-III-m-B-02036
"Liceul Carmen Sylva, azi Casa Corpului Didactic Botoșani",,liceul-carmen-sylva-azi-casa-corpului-didactic-botosani-botosani,,,Botoșani,Botoșani,cladire-istorica,"Bd. Eminescu Mihai 40",47.7418,26.6579,,,,,,,BT-II-m-B-01882
"Liceul „A. T. Laurian”, Str. Iorga Nicolae 19",,liceul-a-t-laurian-str-iorga-nicolae-19-botosani,,,Botoșani,Botoșani,cladire-istorica,"Str. Iorga Nicolae 19",47.7392,26.665,,,,,,,BT-II-m-B-01894
"Școala generală nr. 4 (două clădiri)",,scoala-generala-nr-4-doua-cladiri-botosani,,,Botoșani,Botoșani,cladire-istorica,"Str. Luchian Ștefan 17",47.746447,26.659228,,,,,,,BT-II-m-B-01902
"Casa Memorială „Nicolae Iorga”",,casa-memoriala-nicolae-iorga-botosani,,muzeu,Botoșani,Botoșani,muzeu,"Str. Iorga Nicolae 14",47.73794,26.663014,,,,https://upload.wikimedia.org/wikipedia/commons/7/7b/Casa_memorial%C4%83_Nicolae_Iorga%2C_Boto%C8%99ani_-_fa%C8%9Bada_principal%C4%83.jpg,,"{""author"":""Cezara Tudosă"",""license"":""CC BY-SA 3.0 ro"",""license_url"":""https://creativecommons.org/licenses/by-sa/3.0/ro/deed.en"",""source"":""https://commons.wikimedia.org/wiki/File:Casa_memorială_Nicolae_Iorga,_Botoșani_-_fațada_principală.jpg""}",BT-IV-m-A-02045
"Primăria veche, Piața Revoluției 1",,primaria-veche-piata-revolutiei-1-botosani,,,Botoșani,Botoșani,cladire-istorica,"Piața Revoluției 1",47.745408,26.662982,,,,https://thumb.wikimedia.org/wikipedia/commons/thumb/0/0f/Ayuntamiento_de_Bt.jpg/1280px-Ayuntamiento_de_Bt.jpg,,"{""author"":""Bogdan29roman"",""license"":""CC BY-SA 3.0 ro"",""license_url"":""https://creativecommons.org/licenses/by-sa/3.0/ro/deed.en"",""source"":""https://commons.wikimedia.org/wiki/File:Ayuntamiento_de_Bt.jpg""}",BT-II-m-B-01928
"Halele de carne și pește, Str. Transilvaniei 2",,halele-de-carne-si-peste-str-transilvaniei-2-botosani,,"monumente istorice din Botoșani, România",Botoșani,Botoșani,piata-centru-vechi,"Str. Transilvaniei 2",47.743165,26.667205,,,,,,,BT-II-m-B-01931
"Turn clopotniță, Str. Armeană 15",,turn-clopotnita-str-armeana-15-botosani,,"monument istoric din Botoșani",Botoșani,Botoșani,cladire-istorica,"Str. Armeană 15",47.739782290016,26.671806762142,,,,,,,BT-II-m-B-01859.02
"Biserica Precista din Bacău",,biserica-precista-din-bacau-bacau,,,Bacău,Bacău,biserica-manastire,"Str. 9 Mai 48",46.5631,26.9163,,,,https://thumb.wikimedia.org/wikipedia/commons/thumb/1/1c/RO_BC_Precista_church.jpg/1280px-RO_BC_Precista_church.jpg,,"{""author"":""Andrei Stroe"",""license"":""CC BY-SA 4.0"",""license_url"":""https://creativecommons.org/licenses/by-sa/4.0"",""source"":""https://commons.wikimedia.org/wiki/File:RO_BC_Precista_church.jpg""}",BC-II-m-A-00757.01
"Casă, Bd. Ioniță Sandu Sturza 39",,casa-bd-ionita-sandu-sturza-39-bacau,,,Bacău,Bacău,cladire-istorica,"Bd. Ioniță Sandu Sturza 39",46.5641,26.9058,,,,,,,BC-II-m-B-00782
"Curtea Domnească din Bacău",,curtea-domneasca-din-bacau-bacau,,,Bacău,Bacău,cladire-istorica,"Str. 9 Mai 48",46.558973,26.904261,,,,https://thumb.wikimedia.org/wikipedia/commons/thumb/e/e1/Casa_Domneasc%C4%83_Bac%C4%83u_3.jpg/1280px-Casa_Domneasc%C4%83_Bac%C4%83u_3.jpg,,"{""author"":""Bogdan Muraru"",""license"":""CC BY-SA 3.0 ro"",""license_url"":""https://creativecommons.org/licenses/by-sa/3.0/ro/deed.en"",""source"":""https://commons.wikimedia.org/wiki/File:Casa_Domnească_Bacău_3.jpg""}",BC-II-a-A-00757
"Colegiul Național Ferdinand I",,colegiul-national-ferdinand-i-bacau,,"liceu din Bacău, România",Bacău,Bacău,cladire-istorica,,46.5695,26.9059,,,,,,,BC-II-m-B-00764
"Casa Mircea Cancicov, azi sediu P.N.L.",,casa-mircea-cancicov-azi-sediu-p-n-l-bacau,,,Bacău,Bacău,cladire-istorica,"Str. Alecsandri Vasile 3",46.563,26.91143,,,,,,,BC-II-m-B-00758
"Casa memorială „Nicu Enea”",,casa-memoriala-nicu-enea-bacau,,,Bacău,Bacău,muzeu,"Str. Enea Nicu 31",46.572893,26.91609,,,,,,,BC-IV-m-B-00931
"Vivariul din Bacău, Str. Popa Șapcă 3",,vivariul-din-bacau-str-popa-sapca-3-bacau,,,Bacău,Bacău,muzeu,"Str. Popa Șapcă 3",46.568895,26.913405,,,,,,,BC-II-m-B-00779
"Palatul Administrativ din Bacău",,palatul-administrativ-din-bacau-bacau,,"palat administrativ din Belle Époque în Bacău",Bacău,Bacău,cladire-istorica,"Str. Mărășești 2",46.56423056,26.912875,,,,https://thumb.wikimedia.org/wikipedia/commons/thumb/3/30/20171004_114517_Administrative_Palace_in_Bac%C4%83u_2017.jpg/1280px-20171004_114517_Administrative_Palace_in_Bac%C4%83u_2017.jpg,,"{""author"":""Rakoon"",""license"":""CC0"",""license_url"":""http://creativecommons.org/publicdomain/zero/1.0/deed.en"",""source"":""https://commons.wikimedia.org/wiki/File:20171004_114517_Administrative_Palace_in_Bacău_2017.jpg""}",BC-II-m-A-00773
"Conacul Rosetti-Brăescu, azi Fundația Casa Copilului",,conacul-rosetti-braescu-azi-fundatia-casa-copilului-bacau,,,Bacău,Bacău,castel-palat,,46.559886,26.861765,,,,,,,BC-II-m-B-00854
"Conacul Veninoaia, azi școală",,conacul-veninoaia-azi-scoala-bacau,,,Bacău,Bacău,castel-palat,,46.561044,26.865048,,,,,,,BC-II-m-B-00873
"Casa memorială George Bacovia de la Bacău",,casa-memoriala-george-bacovia-de-la-bacau-bacau,,,Bacău,Bacău,muzeu,"Str. Bacovia George 13",46.569844,26.908743,,,,,,,BC-IV-m-A-00930
"Casa Vergu-Mănăilă, Str. Războieni 8",,casa-vergu-manaila-str-razboieni-8-buzau,,,Buzău,Buzău,cladire-istorica,"Str. Războieni 8",45.1491,26.823,,,,https://thumb.wikimedia.org/wikipedia/commons/thumb/9/95/RO_BZ_Vergu_Manaila_house_hdr_1.jpg/1280px-RO_BZ_Vergu_Manaila_house_hdr_1.jpg,,"{""author"":""Andrei Stroe"",""license"":""CC BY-SA 4.0"",""license_url"":""https://creativecommons.org/licenses/by-sa/4.0"",""source"":""https://commons.wikimedia.org/wiki/File:RO_BZ_Vergu_Manaila_house_hdr_1.jpg""}",BZ-II-m-A-02350
"Casa pictorului Ion Andreescu din Buzău",,casa-pictorului-ion-andreescu-din-buzau-buzau,,,Buzău,Buzău,cladire-istorica,"Str. Vladimirescu Tudor 23",45.15013,26.823474,,,,https://thumb.wikimedia.org/wikipedia/commons/thumb/5/5b/RO_BZ_Andreescu_house.jpg/1280px-RO_BZ_Andreescu_house.jpg,,"{""author"":""Andrei Stroe"",""license"":""CC BY-SA 3.0"",""license_url"":""https://creativecommons.org/licenses/by-sa/3.0"",""source"":""https://commons.wikimedia.org/wiki/File:RO_BZ_Andreescu_house.jpg""}",BZ-IV-m-B-02514
"Casă, Str. Bistriței 7",,casa-str-bistritei-7-buzau,,,Buzău,Buzău,cladire-istorica,"Str. Bistriței 7",45.1548738889,26.8211569444,,,,,,,BZ-II-m-B-02318
"Casă, Bd. Gării 14",,casa-bd-garii-14-buzau,,,Buzău,Buzău,cladire-istorica,"Bd. Gării 14",45.1464,26.824965,,,,,,,BZ-II-m-B-02327
"Casă, Bd. Gării 15",,casa-bd-garii-15-buzau,,,Buzău,Buzău,cladire-istorica,"Bd. Gării 15",45.146528,26.825277,,,,,,,BZ-II-m-B-02328
"Casă, Bd. Gării 21",,casa-bd-garii-21-buzau,,,Buzău,Buzău,cladire-istorica,"Bd. Gării 21",45.145514,26.825577,,,,,,,BZ-II-m-B-02330
"Casă, Str. Griviței 1",,casa-str-grivitei-1-buzau,,,Buzău,Buzău,cladire-istorica,"Str. Griviței 1",45.154708,26.821865,,,,,,,BZ-II-m-B-02331
"Casă, Str. Griviței 9",,casa-str-grivitei-9-buzau,,,Buzău,Buzău,cladire-istorica,"Str. Griviței 9",45.154155,26.822509,,,,,,,BZ-II-m-B-02332
"Casă, Str. Ostrovului 29",,casa-str-ostrovului-29-buzau,,,Buzău,Buzău,cladire-istorica,"Str. Ostrovului 29",45.150834,26.820416,,,,,,,BZ-II-m-B-02343
"Casă, Str. Panduri 3",,casa-str-panduri-3-buzau,,,Buzău,Buzău,cladire-istorica,"Str. Panduri 3",45.151246,26.816779,,,,,,,BZ-II-m-B-02344
"Casă, Str. Panduri 9",,casa-str-panduri-9-buzau,,,Buzău,Buzău,cladire-istorica,"Str. Panduri 9",45.151939,26.8161361111,,,,,,,BZ-II-m-B-02345
"Casă, Str. Patriei 78",,casa-str-patriei-78-buzau,,,Buzău,Buzău,cladire-istorica,"Str. Patriei 78",45.149317,26.811951,,,,,,,BZ-II-m-B-02346
"Vila Albatros",,vila-albatros-buzau,,,Buzău,Buzău,cladire-istorica,,45.146544,26.84387,,,,https://thumb.wikimedia.org/wikipedia/commons/thumb/8/87/Conacul_Marghiloman.JPG/1280px-Conacul_Marghiloman.JPG,,"{""author"":""Andreea"",""license"":""CC BY-SA 4.0"",""license_url"":""https://creativecommons.org/licenses/by-sa/4.0"",""source"":""https://commons.wikimedia.org/wiki/File:Conacul_Marghiloman.JPG""}",BZ-II-m-B-02347.01
"Biblioteca Județeană „Vasile Voiculescu” din Buzău",,biblioteca-judeteana-vasile-voiculescu-din-buzau-buzau,,"instituție publică de cultură din județul Buzău",Buzău,Buzău,cladire-istorica,"Str. Unirii 140",45.148609,26.815428,,,,https://upload.wikimedia.org/wikipedia/commons/a/ac/Bz_biblioteca.jpg,,"{""author"":""Andrei Stroe"",""license"":""Public domain"",""license_url"":"""",""source"":""https://commons.wikimedia.org/wiki/File:Bz_biblioteca.jpg""}",BZ-II-m-A-02351
"Colegiul Național Bogdan Petriceicu Hasdeu",,colegiul-national-bogdan-petriceicu-hasdeu-buzau,,"liceu din Buzău, România",Buzău,Buzău,cladire-istorica,"Str. Gării 1",45.14833333,26.82555556,,,,https://thumb.wikimedia.org/wikipedia/commons/thumb/8/88/RO_BZ_Hasdeu_high_school.jpg/1280px-RO_BZ_Hasdeu_high_school.jpg,,"{""author"":""Andrei Stroe"",""license"":""CC BY 3.0"",""license_url"":""https://creativecommons.org/licenses/by/3.0"",""source"":""https://commons.wikimedia.org/wiki/File:RO_BZ_Hasdeu_high_school.jpg""}",BZ-II-m-B-02326
"Restaurantul lui I. L. Caragiale",,restaurantul-lui-i-l-caragiale-buzau,,,Buzău,Buzău,monument,"Piața Gării 2",45.143403,26.825105,,,,,,,BZ-IV-m-B-02509
"Podul de cale ferată peste râul Buzău",,podul-de-cale-ferata-peste-raul-buzau-buzau,,,Buzău,Buzău,cladire-istorica,,45.156047,26.867623,,,,,,,BZ-II-m-B-02312
"Biserica Banului din Buzău",,biserica-banului-din-buzau-buzau,,,Buzău,Buzău,biserica-manastire,"Str. Bistriței 53",45.149566,26.8253078,,,,https://thumb.wikimedia.org/wikipedia/commons/thumb/5/5b/RO_BZ_Banului_church_hdr_1.jpg/1280px-RO_BZ_Banului_church_hdr_1.jpg,,"{""author"":""Andrei Stroe"",""license"":""CC BY-SA 4.0"",""license_url"":""https://creativecommons.org/licenses/by-sa/4.0"",""source"":""https://commons.wikimedia.org/wiki/File:RO_BZ_Banului_church_hdr_1.jpg""}",BZ-II-m-A-02319
"Biserica Neguțători din Buzău",,biserica-negutatori-din-buzau-buzau,,,Buzău,Buzău,biserica-manastire,"Str. Băieșu Ion 1",45.15349,26.82441,,,,https://thumb.wikimedia.org/wikipedia/commons/thumb/f/fc/RO_BZ_Greci_church.jpg/1280px-RO_BZ_Greci_church.jpg,,"{""author"":""Andrei Stroe"",""license"":""CC BY 3.0"",""license_url"":""https://creativecommons.org/licenses/by/3.0"",""source"":""https://commons.wikimedia.org/wiki/File:RO_BZ_Greci_church.jpg""}",BZ-II-a-A-02321
"Biserica „Adormirea Maicii Domnului” - Broșteni",,biserica-adormirea-maicii-domnului-brosteni-buzau,,,Buzău,Buzău,biserica-manastire,"Str. Broșteni 15",45.1552,26.83239,,,,https://thumb.wikimedia.org/wikipedia/commons/thumb/4/40/RO_BZ_Brosteni_church_1.jpg/1280px-RO_BZ_Brosteni_church_1.jpg,,"{""author"":""Andrei Stroe"",""license"":""CC BY-SA 3.0 ro"",""license_url"":""https://creativecommons.org/licenses/by-sa/3.0/ro/deed.en"",""source"":""https://commons.wikimedia.org/wiki/File:RO_BZ_Brosteni_church_1.jpg""}",BZ-II-m-A-02320.01
"Biserica „Nașterea Maicii Domnului” - Neguțători",,biserica-nasterea-maicii-domnului-negutatori-buzau,,,Buzău,Buzău,biserica-manastire,"Str. Băieșu Ion 1",45.153565,26.82429,,,,,,,BZ-II-m-A-02321.01
"Biserica „Adormirea Maicii Domnului”",,biserica-adormirea-maicii-domnului-buzau,,,Buzău,Buzău,biserica-manastire,,45.158006,26.819644,,,,https://thumb.wikimedia.org/wikipedia/commons/thumb/9/94/Bishopric_complex_Buzau_Cathedral.jpg/1280px-Bishopric_complex_Buzau_Cathedral.jpg,,"{""author"":""Ymblanter"",""license"":""CC BY-SA 4.0"",""license_url"":""https://creativecommons.org/licenses/by-sa/4.0"",""source"":""https://commons.wikimedia.org/wiki/File:Bishopric_complex_Buzau_Cathedral.jpg""}",BZ-II-m-A-02324.01
"Biserica „Sf. Nicolae”, Str. Leului 12, Cartier Dorobanți 1",,biserica-sf-nicolae-str-leului-12-cartier-dorobanti-1-buzau,,,Buzău,Buzău,biserica-manastire,"Str. Leului 12, Cartier Dorobanți 1",45.150588,26.836832,,,,,,,BZ-II-m-B-02335
"Biserica „Sf. Împărați Constantin și Elena”",,biserica-sf-imparati-constantin-si-elena-buzau,,,Buzău,Buzău,biserica-manastire,"Str. Primăverii 3",45.157651,26.84373,,,,,,,BZ-II-m-B-02349
"Palatul Episcopal",,palatul-episcopal-buzau,,,Buzău,Buzău,castel-palat,,45.157325,26.819086,,,,,,,BZ-II-m-A-02324.03
"Spitalul Gârlași (clădirea veche)",,spitalul-garlasi-cladirea-veche-buzau,,,Buzău,Buzău,cladire-istorica,"Str. Plevnei 26",45.146483,26.826864,,,,,,,BZ-II-m-B-02348
"Parcul Crâng",,parcul-crang-buzau,,"parc din județul Buzău, România",Buzău,Buzău,parc-gradina,,45.14722222,26.80083333,,,,https://thumb.wikimedia.org/wikipedia/commons/thumb/9/98/Bz_intrare_crang.jpg/1280px-Bz_intrare_crang.jpg,,"{""author"":""Andrei Stroe"",""license"":""CC BY-SA 2.5"",""license_url"":""https://creativecommons.org/licenses/by-sa/2.5"",""source"":""https://commons.wikimedia.org/wiki/File:Bz_intrare_crang.jpg""}",BZ-III-s-B-02500
"Templul evreiesc din Buzău",,templul-evreiesc-din-buzau-buzau,,,Buzău,Buzău,biserica-manastire,"Str. Marghiloman Alexandru 29",45.154586,26.827309,,,,https://thumb.wikimedia.org/wikipedia/commons/thumb/8/87/RO_BZ_synagogue_1.jpg/1280px-RO_BZ_synagogue_1.jpg,,"{""author"":""Andrei Stroe"",""license"":""CC BY-SA 4.0"",""license_url"":""https://creativecommons.org/licenses/by-sa/4.0"",""source"":""https://commons.wikimedia.org/wiki/File:RO_BZ_synagogue_1.jpg""}",BZ-II-m-B-02339
"Casa Hortensia Papadat-Bengescu din Buzău",,casa-hortensia-papadat-bengescu-din-buzau-buzau,,,Buzău,Buzău,cladire-istorica,"Str. Independenței 53",45.148163,26.818067,,,,https://thumb.wikimedia.org/wikipedia/commons/thumb/0/05/RO_BZ_HPB_house.jpg/1280px-RO_BZ_HPB_house.jpg,,"{""author"":""Andrei Stroe"",""license"":""CC BY-SA 3.0"",""license_url"":""https://creativecommons.org/licenses/by-sa/3.0"",""source"":""https://commons.wikimedia.org/wiki/File:RO_BZ_HPB_house.jpg""}",BZ-IV-m-B-02510
"Casa natală a dramaturgului George Ciprian",,casa-natala-a-dramaturgului-george-ciprian-buzau,,,Buzău,Buzău,cladire-istorica,"Str. Marghiloman Alexandru 15-17",45.154534,26.82621,,,,https://thumb.wikimedia.org/wikipedia/commons/thumb/8/8c/RO_BZ_George_Ciprian_house.jpg/1280px-RO_BZ_George_Ciprian_house.jpg,,"{""author"":""Andrei Stroe"",""license"":""CC BY-SA 3.0"",""license_url"":""https://creativecommons.org/licenses/by-sa/3.0"",""source"":""https://commons.wikimedia.org/wiki/File:RO_BZ_George_Ciprian_house.jpg""}",BZ-II-m-B-02338
"Hanul de pe strada Marghiloman",,hanul-de-pe-strada-marghiloman-buzau,,,Buzău,Buzău,cladire-istorica,"Str. Marghiloman Alexandru 2",45.154814,26.824869,,,,https://thumb.wikimedia.org/wikipedia/commons/thumb/a/ab/RO_BZ_Marghiloman_2_inn.jpg/1280px-RO_BZ_Marghiloman_2_inn.jpg,,"{""author"":""Andrei Stroe"",""license"":""CC BY-SA 4.0"",""license_url"":""https://creativecommons.org/licenses/by-sa/4.0"",""source"":""https://commons.wikimedia.org/wiki/File:RO_BZ_Marghiloman_2_inn.jpg""}",BZ-II-m-B-02337
"Hotelul Coroana din Buzău",,hotelul-coroana-din-buzau-buzau,,,Buzău,Buzău,cladire-istorica,"Bd. Bălcescu Nicolae 1",45.152869,26.818496,,,,https://thumb.wikimedia.org/wikipedia/commons/thumb/3/3f/RO_BZ_Hotel_Coroana.jpg/1280px-RO_BZ_Hotel_Coroana.jpg,,"{""author"":""Andrei Stroe"",""license"":""CC BY-SA 3.0"",""license_url"":""https://creativecommons.org/licenses/by-sa/3.0"",""source"":""https://commons.wikimedia.org/wiki/File:RO_BZ_Hotel_Coroana.jpg""}",BZ-II-m-B-02314
"Casa Seceleanu, Str. Marghiloman Alexandru 30",,casa-seceleanu-str-marghiloman-alexandru-30-buzau,,,Buzău,Buzău,cladire-istorica,"Str. Marghiloman Alexandru 30",45.153944,26.82695,,,,https://thumb.wikimedia.org/wikipedia/commons/thumb/3/3d/RO_BZ_Seceleanu_house.jpg/1280px-RO_BZ_Seceleanu_house.jpg,,"{""author"":""Andrei Stroe"",""license"":""CC BY-SA 3.0"",""license_url"":""https://creativecommons.org/licenses/by-sa/3.0"",""source"":""https://commons.wikimedia.org/wiki/File:RO_BZ_Seceleanu_house.jpg""}",BZ-II-m-B-02340
"Casa Săraru din Buzău, Str. Plevnei 1",,casa-sararu-din-buzau-str-plevnei-1-buzau,,,Buzău,Buzău,cladire-istorica,"Str. Plevnei 1",45.143305,26.822562,,,,https://thumb.wikimedia.org/wikipedia/commons/thumb/e/ee/RO_BZ_Sararu_house.jpg/1280px-RO_BZ_Sararu_house.jpg,,"{""author"":""Andrei Stroe"",""license"":""CC BY-SA 3.0"",""license_url"":""https://creativecommons.org/licenses/by-sa/3.0"",""source"":""https://commons.wikimedia.org/wiki/File:RO_BZ_Sararu_house.jpg""}",BZ-IV-m-B-02512
"Muzeul Județean Buzău, Aleea Castanilor, nr. 1",,muzeul-judetean-buzau-aleea-castanilor-nr-1-buzau,,"organizație nonprofit din Buzău, România",Buzău,Buzău,muzeu,"Aleea Castanilor, nr. 1",45.149684,26.805278,,,,https://thumb.wikimedia.org/wikipedia/commons/thumb/2/21/RO_BZ_county_museum_1.jpg/1280px-RO_BZ_county_museum_1.jpg,,"{""author"":""Andrei Stroe"",""license"":""CC BY-SA 3.0 ro"",""license_url"":""https://creativecommons.org/licenses/by-sa/3.0/ro/deed.en"",""source"":""https://commons.wikimedia.org/wiki/File:RO_BZ_county_museum_1.jpg""}",BZ-II-m-B-02317
"Muzeul Județean Buzău, Aleea Castanilor, nr. 1",,muzeul-judetean-buzau-aleea-castanilor-nr-1-buzau-3ba935,,"organizație nonprofit din Buzău, România",Buzău,Buzău,muzeu,"Aleea Castanilor, nr. 1",45.149389,26.805155,,,,https://thumb.wikimedia.org/wikipedia/commons/thumb/2/21/RO_BZ_county_museum_1.jpg/1280px-RO_BZ_county_museum_1.jpg,,"{""author"":""Andrei Stroe"",""license"":""CC BY-SA 3.0 ro"",""license_url"":""https://creativecommons.org/licenses/by-sa/3.0/ro/deed.en"",""source"":""https://commons.wikimedia.org/wiki/File:RO_BZ_county_museum_1.jpg""}",BZ-II-m-B-02317
"Zid de incintă",,zid-de-incinta-buzau,,,Buzău,Buzău,cladire-istorica,,45.156849,26.818593,,,,,,,BZ-II-m-A-02324.07
"Strada Cuza Vodă, Str. Cuza Vodă",,strada-cuza-voda-str-cuza-voda-buzau,,,Buzău,Buzău,piata-centru-vechi,"Str. Cuza Vodă",45.153944,26.82283,,,,https://thumb.wikimedia.org/wikipedia/commons/thumb/7/7d/Bz_cuzavoda_3.jpg/1280px-Bz_cuzavoda_3.jpg,,"{""author"":""Andrei Stroe"",""license"":""CC BY 2.5"",""license_url"":""https://creativecommons.org/licenses/by/2.5"",""source"":""https://commons.wikimedia.org/wiki/File:Bz_cuzavoda_3.jpg""}",BZ-II-a-B-02322
"Grădinița nr. 6, Bd. Gării 19",,gradinita-nr-6-bd-garii-19-buzau,,,Buzău,Buzău,parc-gradina,"Bd. Gării 19",45.146029,26.82533,,,,,,,BZ-II-m-B-02329
"Statuia „Rugăciune”",,statuia-rugaciune-buzau,,,Buzău,Buzău,monument,,45.151439,26.808636,,,,,,,BZ-IV-m-B-02504.01
"Statuia compozitorului George Enescu",,statuia-compozitorului-george-enescu-buzau,,,Buzău,Buzău,monument,,45.160934,26.83062,,,,,,,BZ-IV-m-B-02506
"Bustul lui B. P. Hașdeu din Buzău",,bustul-lui-b-p-hasdeu-din-buzau-buzau,,,Buzău,Buzău,monument,"Bd. Gării 1, în fața liceului",45.148919,26.824965,,,,https://thumb.wikimedia.org/wikipedia/commons/thumb/c/c6/RO_BZ_Hasdeu_bust.jpg/1280px-RO_BZ_Hasdeu_bust.jpg,,"{""author"":""Andrei Stroe"",""license"":""CC BY-SA 4.0"",""license_url"":""https://creativecommons.org/licenses/by-sa/4.0"",""source"":""https://commons.wikimedia.org/wiki/File:RO_BZ_Hasdeu_bust.jpg""}",BZ-IV-m-B-02508
"Turn clopotniță, Str. Broșteni 15",,turn-clopotnita-str-brosteni-15-buzau,,,Buzău,Buzău,cladire-istorica,"Str. Broșteni 15",45.1548061111,26.8313919444,,,,https://thumb.wikimedia.org/wikipedia/commons/thumb/2/24/RO_BZ_Brosteni_church_belfry.jpg/1280px-RO_BZ_Brosteni_church_belfry.jpg,,"{""author"":""Andrei Stroe"",""license"":""CC BY-SA 3.0 ro"",""license_url"":""https://creativecommons.org/licenses/by-sa/3.0/ro/deed.en"",""source"":""https://commons.wikimedia.org/wiki/File:RO_BZ_Brosteni_church_belfry.jpg""}",BZ-II-m-A-02320.02
"Turn clopotniță, Str. Băieșu Ion 1",,turn-clopotnita-str-baiesu-ion-1-buzau,,,Buzău,Buzău,cladire-istorica,"Str. Băieșu Ion 1",45.153573,26.823785,,,,,,,BZ-II-m-A-02321.02
"Turn clopotniță",,turn-clopotnita-buzau,,,Buzău,Buzău,cladire-istorica,,45.157227,26.819698,,,,,,,BZ-II-m-A-02324.06
"Monumentul funerar Nicolae Seceleanu",,monumentul-funerar-nicolae-seceleanu-buzau,,,Buzău,Buzău,monument,"Aleea Dumbrava, Buzău",45.151636,26.808422,,,,https://thumb.wikimedia.org/wikipedia/commons/thumb/0/02/RO_BZ_Dumbrava_cemetery_Seceleanu_tomb.JPG/1280px-RO_BZ_Dumbrava_cemetery_Seceleanu_tomb.JPG,,"{""author"":""Andrei Stroe"",""license"":""CC BY-SA 4.0"",""license_url"":""https://creativecommons.org/licenses/by-sa/4.0"",""source"":""https://commons.wikimedia.org/wiki/File:RO_BZ_Dumbrava_cemetery_Seceleanu_tomb.JPG""}",BZ-IV-m-B-02505
"Tribunalul județean, Bd. Bălcescu Nicolae 8",,tribunalul-judetean-bd-balcescu-nicolae-8-buzau,,,Buzău,Buzău,castel-palat,"Bd. Bălcescu Nicolae 8",45.153527,26.819022,,,,https://thumb.wikimedia.org/wikipedia/commons/thumb/8/80/RO_BZ_Courthouse_2.jpg/1280px-RO_BZ_Courthouse_2.jpg,,"{""author"":""Andrei Stroe"",""license"":""CC BY-SA 3.0 ro"",""license_url"":""https://creativecommons.org/licenses/by-sa/3.0/ro/deed.en"",""source"":""https://commons.wikimedia.org/wiki/File:RO_BZ_Courthouse_2.jpg""}",BZ-II-m-A-02315
"Conacul Marghiloman din Buzău",,conacul-marghiloman-din-buzau-buzau,,,Buzău,Buzău,castel-palat,,45.146195,26.844471,,,,https://thumb.wikimedia.org/wikipedia/commons/thumb/8/87/Conacul_Marghiloman.JPG/1280px-Conacul_Marghiloman.JPG,,"{""author"":""Andreea"",""license"":""CC BY-SA 4.0"",""license_url"":""https://creativecommons.org/licenses/by-sa/4.0"",""source"":""https://commons.wikimedia.org/wiki/File:Conacul_Marghiloman.JPG""}",BZ-II-a-B-02347
"Conacul Albanopol, Str. Centrală 214",,conacul-albanopol-str-centrala-214-maracineni,,,Mărăcineni,Buzău,castel-palat,"Str. Centrală 214",45.1816438889,26.8069619444,,,,,,,BZ-II-m-B-02426
"Monumentul „Răscoala țăranilor din 1907”",,monumentul-rascoala-taranilor-din-1907-buzau,,,Buzău,Buzău,monument,"Piața Dacia",45.153263,26.820738,,,,,,,BZ-IV-m-B-02507
"Ansamblul Episcopiei Buzăului",,ansamblul-episcopiei-buzaului-buzau,,,Buzău,Buzău,piata-centru-vechi,,45.157878,26.819708,,,,https://thumb.wikimedia.org/wikipedia/commons/thumb/9/96/Buz%C4%83u_Bishopric_complex_Colonnade_of_the_Palace.jpg/1280px-Buz%C4%83u_Bishopric_complex_Colonnade_of_the_Palace.jpg,,"{""author"":""Ymblanter"",""license"":""CC BY-SA 4.0"",""license_url"":""https://creativecommons.org/licenses/by-sa/4.0"",""source"":""https://commons.wikimedia.org/wiki/File:Buzău_Bishopric_complex_Colonnade_of_the_Palace.jpg""}",BZ-II-a-A-02324
"Ansamblul „Str. Alexandru Marghiloman”",,ansamblul-str-alexandru-marghiloman-buzau,,,Buzău,Buzău,piata-centru-vechi,"Str. Marghiloman Alexandru, între str. Cuza Vodă și str. Tăbăcari",45.15473,26.825813,,,,,,,BZ-II-a-B-02336
"Ansamblul „Str. Ostrovului”",,ansamblul-str-ostrovului-buzau,,,Buzău,Buzău,piata-centru-vechi,"Str. Ostrovului, între str. Unirii și str. Independenței",45.151939,26.819719,,,,,,,BZ-II-a-B-02341
"Seminarul vechi",,seminarul-vechi-buzau,,,Buzău,Buzău,cladire-istorica,,45.156932,26.820331,,,,,,,BZ-II-m-A-02324.04
"Fostul Spital I. C. Brătianu",,fostul-spital-i-c-bratianu-buzau,,,Buzău,Buzău,cladire-istorica,"Bd. Bălcescu Nicolae 40",45.151068,26.812134,,,,,,,BZ-II-m-B-20957
"Monumentul funerar al fostului primar Petre Stănescu",,monumentul-funerar-al-fostului-primar-petre-stanescu-buzau,,,Buzău,Buzău,monument,,45.151598,26.808561,,,,https://thumb.wikimedia.org/wikipedia/commons/thumb/a/ae/Rugaciune-Brancusi.jpg/1280px-Rugaciune-Brancusi.jpg,,"{""author"":""Aurel Sararu"",""license"":""CC BY-SA 4.0"",""license_url"":""https://creativecommons.org/licenses/by-sa/4.0"",""source"":""https://commons.wikimedia.org/wiki/File:Rugaciune-Brancusi.jpg""}",BZ-IV-a-B-02504
"Palatul Comunal, Buzău, Str. Unirii 163",,palatul-comunal-buzau-str-unirii-163-buzau,,,Buzău,Buzău,cladire-istorica,"Str. Unirii 163",45.15361,26.82083,,,,https://thumb.wikimedia.org/wikipedia/commons/thumb/f/f1/RO_BZ_Palat_Comunal_frontal_straight_cloudy.jpg/1280px-RO_BZ_Palat_Comunal_frontal_straight_cloudy.jpg,,"{""author"":""Andrei Stroe"",""license"":""CC BY 3.0"",""license_url"":""https://creativecommons.org/licenses/by/3.0"",""source"":""https://commons.wikimedia.org/wiki/File:RO_BZ_Palat_Comunal_frontal_straight_cloudy.jpg""}",BZ-II-m-A-02323
"Școala generală nr. 1, Bd. Bălcescu Nicolae 28",,scoala-generala-nr-1-bd-balcescu-nicolae-28-buzau,,,Buzău,Buzău,cladire-istorica,"Bd. Bălcescu Nicolae 28",45.151878,26.814505,,,,,,,BZ-II-m-B-02316
"Liceul Pedagogic „Spiru Haret”",,liceul-pedagogic-spiru-haret-buzau,,,Buzău,Buzău,cladire-istorica,"Str. Haret Spiru 6",45.148761,26.810042,,,,,,,BZ-II-m-B-02333
"Colegiul Național „Mihai Eminescu”",,colegiul-national-mihai-eminescu-buzau,,,Buzău,Buzău,cladire-istorica,"Str. Independenței 22",45.149933,26.819172,,,,,,,BZ-II-m-B-02334
"Clădiri anexe, În incinta Ansamblului conacului Marghiloman, str. Plantelor nr. 8A",,cladiri-anexe-in-incinta-ansamblului-conacului-marghiloman-str-plantelor-nr-8a-buzau,,,Buzău,Buzău,cladire-istorica,"În incinta Ansamblului conacului Marghiloman, str. Plantelor nr. 8A",45.146755,26.843441,,,,,,,BZ-II-m-B-02347.02
"Biserica „Sf. Îngeri” din Buzău",,biserica-sf-ingeri-din-buzau-buzau,,,Buzău,Buzău,cladire-istorica,"Str. Ostrovului 10",45.151886,26.819215,,,,https://thumb.wikimedia.org/wikipedia/commons/thumb/f/fb/RO_BZ_Sf_Ingeri.jpg/1280px-RO_BZ_Sf_Ingeri.jpg,,"{""author"":""Andrei Stroe"",""license"":""CC BY-SA 3.0"",""license_url"":""https://creativecommons.org/licenses/by-sa/3.0"",""source"":""https://commons.wikimedia.org/wiki/File:RO_BZ_Sf_Ingeri.jpg""}",BZ-II-m-B-20459
"Crucea conacului Marghiloman",,crucea-conacului-marghiloman-buzau,,,Buzău,Buzău,monument,,45.1573780556,26.8621730556,,,,,,,BZ-IV-m-B-02511
"Casa Ana și Marinache Popescu, azi DJCCPCN",,casa-ana-si-marinache-popescu-azi-djccpcn-calarasi,,,Călărași,Călărași,cladire-istorica,"Str. 13 Decembrie 9A",44.1924,27.3334,,,,,,,CL-II-m-B-14596
"Casă, fosta Administrație Financiară Municipală",,casa-fosta-administratie-financiara-municipala-calarasi,,,Călărași,Călărași,cladire-istorica,"Str. 13 Decembrie 16",44.192678,27.333645,,,,,,,CL-II-m-B-14599
"Casă, Str. Berzei 11",,casa-str-berzei-11-calarasi,,,Călărași,Călărași,cladire-istorica,"Str. Berzei 11",44.197571,27.333172,,,,,,,CL-II-m-B-14605
"Casă, Str. București 181",,casa-str-bucuresti-181-calarasi,,,Călărași,Călărași,cladire-istorica,"Str. București 181",44.1918,27.3345,,,,,,,CL-II-m-B-14612
"Casa Constantin Tican, Str. București 185",,casa-constantin-tican-str-bucuresti-185-calarasi,,,Călărași,Călărași,cladire-istorica,"Str. București 185",44.1914,27.3346,,,,,,,CL-II-m-B-14613
"Casă, Str. București 213",,casa-str-bucuresti-213-calarasi,,,Călărași,Călărași,cladire-istorica,"Str. București 213",44.1904,27.3382,,,,,,,CL-II-m-B-14615
"Casă, Str. București 223",,casa-str-bucuresti-223-calarasi,,,Călărași,Călărași,cladire-istorica,"Str. București 223",44.1903,27.3386,,,,,,,CL-II-m-B-14617
"Casa Dumitru Bâzu, Str. Eroilor 38",,casa-dumitru-bazu-str-eroilor-38-calarasi,,,Călărași,Călărași,cladire-istorica,"Str. Eroilor 38",44.198697,27.331972,,,,,,,CL-II-m-B-14621
"Casă, Bd. Gării 2",,casa-bd-garii-2-calarasi,,,Călărași,Călărași,cladire-istorica,"Bd. Gării 2",44.19673,27.334555,,,,,,,CL-II-m-B-14623
"Casă, Str. Independenței 62",,casa-str-independentei-62-calarasi,,,Călărași,Călărași,cladire-istorica,"Str. Independenței 62",44.1886,27.3379,,,,,,,CL-II-m-B-14653
"Biserica „Sf. Împărați Constantin și Elena” - Volna",,biserica-sf-imparati-constantin-si-elena-volna-calarasi,,,Călărași,Călărași,biserica-manastire,"Str. Eroilor 12",44.194559,27.328472,,,,,,,CL-II-m-B-14620
"Biserica Creștină După Evanghelie",,biserica-crestina-dupa-evanghelie-calarasi,,,Călărași,Călărași,biserica-manastire,"Str. Grivița 52",44.195641,27.32747,,,,,,,CL-II-m-B-14637
"Casa Demetriad, azi Biblioteca Județeană",,casa-demetriad-azi-biblioteca-judeteana-calarasi,,,Călărași,Călărași,cladire-istorica,"Str. București 102",44.194504,27.32771,,,,https://thumb.wikimedia.org/wikipedia/commons/thumb/4/48/Biblioteca_jude%C8%9Bean%C4%83_%281%29.JPG/1280px-Biblioteca_jude%C8%9Bean%C4%83_%281%29.JPG,,"{""author"":""Alstyle"",""license"":""CC BY-SA 3.0 ro"",""license_url"":""https://creativecommons.org/licenses/by-sa/3.0/ro/deed.en"",""source"":""https://commons.wikimedia.org/wiki/File:Biblioteca_județeană_(1).JPG""}",CL-II-m-B-14606
"Casa Deculescu, Str. București 219",,casa-deculescu-str-bucuresti-219-calarasi,,,Călărași,Călărași,cladire-istorica,"Str. București 219",44.1901,27.339,,,,https://thumb.wikimedia.org/wikipedia/commons/thumb/3/36/Casa_Deculescu.jpg/1280px-Casa_Deculescu.jpg,,"{""author"":""Serban Scrieciu"",""license"":""CC BY-SA 3.0 ro"",""license_url"":""https://creativecommons.org/licenses/by-sa/3.0/ro/deed.en"",""source"":""https://commons.wikimedia.org/wiki/File:Casa_Deculescu.jpg""}",CL-II-m-B-14616
"Casă, Str. Heliade-Rădulescu Ion 7",,casa-str-heliade-radulescu-ion-7-calarasi,,,Călărași,Călărași,cladire-istorica,"Str. Heliade-Rădulescu Ion 7",44.1911,27.3356,,,,,,,CL-II-m-B-14644
"Moară, Str. București 315",,moara-str-bucuresti-315-calarasi,,,Călărași,Călărași,cladire-istorica,"Str. București 315",44.1886,27.3462,,,,,,,CL-II-m-B-14619
"Parchetul de pe lângă Judecătoria Călărași",,parchetul-de-pe-langa-judecatoria-calarasi-calarasi,,,Călărași,Călărași,castel-palat,"Str. Grivița 86",44.195641,27.32747,,,,,,,CL-II-m-B-14639
"Arhivele Statului, Str. Pompierilor 1",,arhivele-statului-str-pompierilor-1-calarasi,,,Călărași,Călărași,cladire-istorica,"Str. Pompierilor 1",44.192458915496,27.328781679428,,,,https://thumb.wikimedia.org/wikipedia/commons/thumb/9/9f/Cazarma_Pompierilor_C%C4%83l%C4%83ra%C8%99i.JPG/1280px-Cazarma_Pompierilor_C%C4%83l%C4%83ra%C8%99i.JPG,,"{""author"":""Alstyle"",""license"":""CC BY-SA 3.0 ro"",""license_url"":""https://creativecommons.org/licenses/by-sa/3.0/ro/deed.en"",""source"":""https://commons.wikimedia.org/wiki/File:Cazarma_Pompierilor_Călărași.JPG""}",CL-II-m-A-14657
"Prefectura Județului Călărași",,prefectura-judetului-calarasi-calarasi,,,Călărași,Călărași,cladire-istorica,"Str. Sloboziei 9-11",44.19197,27.330674,,,,https://upload.wikimedia.org/wikipedia/commons/e/e1/RO_CL_Calarasi_prefectura.jpg,,"{""author"":""Infinitty at Romanian Wikipedia"",""license"":""Public domain"",""license_url"":"""",""source"":""https://commons.wikimedia.org/wiki/File:RO_CL_Calarasi_prefectura.jpg""}",CL-II-m-A-14665
"Liceul „Știrbei Vodă”, în prezent Gimnaziul CAROL I",,liceul-stirbei-voda-in-prezent-gimnaziul-carol-i-calarasi,,,Călărași,Călărași,cladire-istorica,"Str. București 159",44.192924,27.332869,,,,,,,CL-II-m-A-14608
"Primăria veche din Călărași",,primaria-veche-din-calarasi-calarasi,,,Călărași,Călărași,cladire-istorica,"Str. 1 Decembrie 1918 3-5",44.190231,27.334649,,,,https://upload.wikimedia.org/wikipedia/commons/8/80/Primaria_Calarasi.jpg,,"{""author"":""Infinitty at Romanian Wikipedia"",""license"":""Public domain"",""license_url"":"""",""source"":""https://commons.wikimedia.org/wiki/File:Primaria_Calarasi.jpg""}",CL-II-m-A-14593
"Casa Avramide, azi Muzeul de Științele Naturii",,casa-avramide-azi-muzeul-de-stiintele-naturii-tulcea,,,Tulcea,Tulcea,cladire-istorica,"Str. Progresului 32",45.180104,28.805754,,,,,,,TL-II-m-A-05994
"Fostul Palat al Pașei de la Tulcea",,fostul-palat-al-pasei-de-la-tulcea-tulcea,,,Tulcea,Tulcea,castel-palat,"Str. Antipa Grigore 2",45.180122,28.805001,,,,https://upload.wikimedia.org/wikipedia/commons/9/94/Palatul_Pasei_de_Tulcea_-_Muzeul_de_Arta.jpg,,"{""author"":""Unknown author. The image was uploaded by Musichistory2009."",""license"":""Public domain"",""license_url"":"""",""source"":""https://commons.wikimedia.org/wiki/File:Palatul_Pasei_de_Tulcea_-_Muzeul_de_Arta.jpg""}",TL-II-m-A-05973
"Fostul sediu al Administrației Pescăriei Statului",,fostul-sediu-al-administratiei-pescariei-statului-tulcea,,,Tulcea,Tulcea,castel-palat,"Piața Republicii 2",45.17959,28.80497,,,,https://thumb.wikimedia.org/wikipedia/commons/thumb/e/e0/Tulcea2008k.jpg/1280px-Tulcea2008k.jpg,,"{""author"":""Ben Skála, Benfoto"",""license"":""CC BY-SA 4.0"",""license_url"":""https://creativecommons.org/licenses/by-sa/4.0"",""source"":""https://commons.wikimedia.org/wiki/File:Tulcea2008k.jpg""}",TL-II-m-B-05996
"Biserica ortodoxă „Sf. Gheorghe”, numită și „Biserica Bulgărească”, „Biserica cu ceas”",,biserica-ortodoxa-sf-gheorghe-numita-si-biserica-bulgareasca-biserica-cu-ceas-tulcea,,,Tulcea,Tulcea,biserica-manastire,"Str. Păcii 11",45.17543,28.80579,,,,https://thumb.wikimedia.org/wikipedia/commons/thumb/9/98/Tulcha_the_bulgarian_church.jpg/1280px-Tulcha_the_bulgarian_church.jpg,,"{""author"":""Mpb eu"",""license"":""CC BY-SA 3.0"",""license_url"":""https://creativecommons.org/licenses/by-sa/3.0"",""source"":""https://commons.wikimedia.org/wiki/File:Tulcha_the_bulgarian_church.jpg""}",TL-II-m-B-05988
"Moscheea Azizyie, Str. Independenței 2",,moscheea-azizyie-str-independentei-2-tulcea,,,Tulcea,Tulcea,biserica-manastire,"Str. Independenței 2",45.1815077,28.8066844,,,,https://upload.wikimedia.org/wikipedia/commons/7/7d/Geamia_Azizyie_-_vedere_de_pe_Dunare.jpg,,"{""author"":""Dora Domsa"",""license"":""CC BY-SA 3.0 ro"",""license_url"":""https://creativecommons.org/licenses/by-sa/3.0/ro/deed.en"",""source"":""https://commons.wikimedia.org/wiki/File:Geamia_Azizyie_-_vedere_de_pe_Dunare.jpg""}",TL-II-m-A-05984
"Monumentul Independenței din Tulcea",,monumentul-independentei-din-tulcea-tulcea,,,Tulcea,Tulcea,monument,,45.18675,28.81484,,,,https://upload.wikimedia.org/wikipedia/commons/c/c4/Independence_Monument_%2837959358165%29.jpg,,"{""author"":""David Stanley from Nanaimo, Canada"",""license"":""CC BY 2.0"",""license_url"":""https://creativecommons.org/licenses/by/2.0"",""source"":""https://commons.wikimedia.org/wiki/File:Independence_Monument_(37959358165).jpg""}",TL-III-m-A-06040
"Fostul sediu al Muzeului de Etnografie și Artă Populară",,fostul-sediu-al-muzeului-de-etnografie-si-arta-populara-tulcea,,,Tulcea,Tulcea,muzeu,"Str. 9 Mai 4",45.179523,28.805883,,,,,,,TL-II-m-B-05972
"Catedrala ortodoxă „Sf. Nicolae”",,catedrala-ortodoxa-sf-nicolae-tulcea,,,Tulcea,Tulcea,cladire-istorica,"Str. Progresului 37",45.1769,28.802,,,,https://thumb.wikimedia.org/wikipedia/commons/thumb/9/97/Tulcea_-_Bulgarian_Exarchate_Cathedral.jpg/1280px-Tulcea_-_Bulgarian_Exarchate_Cathedral.jpg,,"{""author"":""Mpb eu"",""license"":""CC BY-SA 4.0"",""license_url"":""https://creativecommons.org/licenses/by-sa/4.0"",""source"":""https://commons.wikimedia.org/wiki/File:Tulcea_-_Bulgarian_Exarchate_Cathedral.jpg""}",TL-II-m-B-05995
"Muzeul Județean „Teohari Antonescu”",,muzeul-judetean-teohari-antonescu-giurgiu,,,Giurgiu,Giurgiu,muzeu,"Str. Dobrogeanu Gherea Constantin 3",43.886406,25.963587,,,,https://thumb.wikimedia.org/wikipedia/commons/thumb/0/08/Muzeul_Jude%C5%A3ean_%22Teohari_Antonescu%22_1.JPG/1280px-Muzeul_Jude%C5%A3ean_%22Teohari_Antonescu%22_1.JPG,,"{""author"":""Stancosty"",""license"":""CC BY-SA 3.0 ro"",""license_url"":""https://creativecommons.org/licenses/by-sa/3.0/ro/deed.en"",""source"":""https://commons.wikimedia.org/wiki/File:Muzeul_Judeţean_\""Teohari_Antonescu\""_1.JPG""}",GR-II-m-B-14876
"Biserica Romano-Catolică din Giurgiu",,biserica-romano-catolica-din-giurgiu-giurgiu,,,Giurgiu,Giurgiu,biserica-manastire,"Str. Botev Hristo 12",43.88801,25.96596,,,,https://thumb.wikimedia.org/wikipedia/commons/thumb/2/26/Roman_Catholic_church_in_Giurgiu_01.jpg/1280px-Roman_Catholic_church_in_Giurgiu_01.jpg,,"{""author"":""Javier"",""license"":""CC BY-SA 4.0"",""license_url"":""https://creativecommons.org/licenses/by-sa/4.0"",""source"":""https://commons.wikimedia.org/wiki/File:Roman_Catholic_church_in_Giurgiu_01.jpg""}",GR-II-m-B-14861
"Turnul cu ceas din Giurgiu",,turnul-cu-ceas-din-giurgiu-giurgiu,,,Giurgiu,Giurgiu,cladire-istorica,"Piața Unirii",43.89034,25.96478,,,,https://upload.wikimedia.org/wikipedia/commons/0/08/Turn_giurgiu.JPG,,"{""author"":""Alesia17"",""license"":""CC BY-SA 3.0"",""license_url"":""https://creativecommons.org/licenses/by-sa/3.0"",""source"":""https://commons.wikimedia.org/wiki/File:Turn_giurgiu.JPG""}",GR-II-m-A-14913
"Podul Bizetz",,podul-bizetz-giurgiu,,,Giurgiu,Giurgiu,cladire-istorica,,43.8839192,25.964069,,,,https://thumb.wikimedia.org/wikipedia/commons/thumb/2/20/Podul_Bizetz_3.JPG/1280px-Podul_Bizetz_3.JPG,,"{""author"":""Stancosty"",""license"":""CC BY-SA 3.0 ro"",""license_url"":""https://creativecommons.org/licenses/by-sa/3.0/ro/deed.en"",""source"":""https://commons.wikimedia.org/wiki/File:Podul_Bizetz_3.JPG""}",GR-II-m-B-14894
"Catedrala Adormirea Maicii Domnului din Giurgiu",,catedrala-adormirea-maicii-domnului-din-giurgiu-giurgiu,,"catedrala episcopiei Giurgiui",Giurgiu,Giurgiu,biserica-manastire,"Bd. București 2",43.8918,25.9664,,,,https://thumb.wikimedia.org/wikipedia/commons/thumb/c/cb/GiurgiuCathedral2.JPG/1280px-GiurgiuCathedral2.JPG,,"{""author"":""A.B."",""license"":""CC BY-SA 3.0"",""license_url"":""https://creativecommons.org/licenses/by-sa/3.0"",""source"":""https://commons.wikimedia.org/wiki/File:GiurgiuCathedral2.JPG""}",GR-II-m-B-14864
"Conacul Drugănescu (ulterior Târnoveanu-Știrbei)",,conacul-druganescu-ulterior-tarnoveanu-stirbei-floresti-stoenesti,,,Florești-Stoenești,Giurgiu,castel-palat,"Str. Punții 2",43.895169,25.967391,,,,,,,GR-II-m-A-15085
"Ateneul „Nicolae Bălănescu”",,ateneul-nicolae-balanescu-giurgiu,,"ateneul din Giurgiu",Giurgiu,Giurgiu,teatru-opera,"Strada Episcopiei 21, Giurgiu",43.8882603,25.9679989,,,,,,,GR-II-m-B-14899
"Căminul de Ucenici, azi Primăria",,caminul-de-ucenici-azi-primaria-giurgiu,,,Giurgiu,Giurgiu,cladire-istorica,"Bd. București 49-51",43.895392,25.966203,,,,https://upload.wikimedia.org/wikipedia/commons/b/b0/Primaria_giurgiu.JPG,,"{""author"":""Alesia17"",""license"":""CC BY-SA 3.0"",""license_url"":""https://creativecommons.org/licenses/by-sa/3.0"",""source"":""https://commons.wikimedia.org/wiki/File:Primaria_giurgiu.JPG""}",GR-II-m-B-14865
"Căpitănia Portului Giurgiu",,capitania-portului-giurgiu-giurgiu,,,Giurgiu,Giurgiu,cladire-istorica,,43.8695,25.9648,,,,,,,GR-II-m-B-14893
"Casa Mavrocordat, Str. Ștefan cel Mare 62",,casa-mavrocordat-str-stefan-cel-mare-62-vaslui,,,Vaslui,Vaslui,cladire-istorica,"Str. Ștefan cel Mare 62",46.6345713426,27.7312988829,,,,https://thumb.wikimedia.org/wikipedia/commons/thumb/f/fb/Casa_Mavrocordat%2C_azi_Palatul_Copiilor_din_Vaslui.JPG/1280px-Casa_Mavrocordat%2C_azi_Palatul_Copiilor_din_Vaslui.JPG,,"{""author"":""Rsocol"",""license"":""CC BY-SA 3.0 ro"",""license_url"":""https://creativecommons.org/licenses/by-sa/3.0/ro/deed.en"",""source"":""https://commons.wikimedia.org/wiki/File:Casa_Mavrocordat,_azi_Palatul_Copiilor_din_Vaslui.JPG""}",VS-II-m-A-06711
"Casa Mâdârjac, azi restaurant (S.C. DOREVECO S.R.L.)",,casa-madarjac-azi-restaurant-s-c-doreveco-s-r-l-vaslui,,,Vaslui,Vaslui,cladire-istorica,"Str. Ștefan cel Mare 43",46.635308,27.731016,,,,,,,VS-II-m-B-06702
"Casa Luchian, Str. Ștefan cel Mare 59",,casa-luchian-str-stefan-cel-mare-59-vaslui,,,Vaslui,Vaslui,cladire-istorica,"Str. Ștefan cel Mare 59",46.637043,27.731933,,,,,,,VS-II-m-B-06709
"Biserica Tăierea Capului Sfântului Ioan Botezătorul din Vaslui",,biserica-taierea-capului-sfantului-ioan-botezatorul-din-vaslui-vaslui,,"sit de patrimoniu în județul Vaslui, România",Vaslui,Vaslui,biserica-manastire,"Str. Ștefan cel Mare 58",46.63358,27.73136,,,,https://thumb.wikimedia.org/wikipedia/commons/thumb/8/86/Biserica_Sf._Ioan_din_Vaslui0.jpg/1280px-Biserica_Sf._Ioan_din_Vaslui0.jpg,,"{""author"":""Cezar Suceveanu"",""license"":""CC BY-SA 3.0 ro"",""license_url"":""https://creativecommons.org/licenses/by-sa/3.0/ro/deed.en"",""source"":""https://commons.wikimedia.org/wiki/File:Biserica_Sf._Ioan_din_Vaslui0.jpg""}",VS-II-m-A-06708
"Colegiul Național „Samuel von Brukenthal” din Sibiu",,colegiul-national-samuel-von-brukenthal-din-sibiu-sibiu,,"liceu din Sibiu, România",Sibiu,Sibiu,cladire-istorica,"Piața Huet 5",45.797243,24.149696,,,,https://upload.wikimedia.org/wikipedia/commons/6/6d/Colegiul_National_von_Brukenthal.jpg,,"{""author"":""Karin1992"",""license"":""Public domain"",""license_url"":"""",""source"":""https://commons.wikimedia.org/wiki/File:Colegiul_National_von_Brukenthal.jpg""}",SB-II-m-A-12082
"Casă (în corpul B fragmente din prima Primărie a orașului)",,casa-in-corpul-b-fragmente-din-prima-primarie-a-orasului-sibiu,,,Sibiu,Sibiu,cladire-istorica,"Str. Avram Iancu 1-3, Piața Mică 31",45.79445,24.14917,,,,,,,SB-II-m-A-12036
"Casă, Piața Mică 14, Piața Huet 14",,casa-piata-mica-14-piata-huet-14-sibiu,,,Sibiu,Sibiu,cladire-istorica,"Piața Mică 14, Piața Huet 14",45.797973,24.15116,,,,https://thumb.wikimedia.org/wikipedia/commons/thumb/c/ce/Sibiu_Piata_Mica_si_Huet_nr.14.jpg/1280px-Sibiu_Piata_Mica_si_Huet_nr.14.jpg,,"{""author"":""Andrei kokelburg"",""license"":""CC BY-SA 3.0 ro"",""license_url"":""https://creativecommons.org/licenses/by-sa/3.0/ro/deed.en"",""source"":""https://commons.wikimedia.org/wiki/File:Sibiu_Piata_Mica_si_Huet_nr.14.jpg""}",SB-II-m-A-12117
"Casă (înglobează turn de apărare - incinta III)",,casa-inglobeaza-turn-de-aparare-incinta-iii-sibiu,,,Sibiu,Sibiu,cladire-istorica,"Piața Mică 23",45.798615,24.151793,,,,https://thumb.wikimedia.org/wikipedia/commons/thumb/c/c9/Sibiu_Piata_Mica_nr.23.jpg/1280px-Sibiu_Piata_Mica_nr.23.jpg,,"{""author"":""Andrei kokelburg"",""license"":""CC BY-SA 3.0 ro"",""license_url"":""https://creativecommons.org/licenses/by-sa/3.0/ro/deed.en"",""source"":""https://commons.wikimedia.org/wiki/File:Sibiu_Piata_Mica_nr.23.jpg""}",SB-II-m-A-12125
"Casă (înglobează turn de apărare - incinta II)",,casa-inglobeaza-turn-de-aparare-incinta-ii-sibiu,,,Sibiu,Sibiu,cladire-istorica,"Piața Mică 24",45.79856,24.152045,,,,https://thumb.wikimedia.org/wikipedia/commons/thumb/3/3a/Sibiu_Piata_Mica_nr.24_%281%29.JPG/1280px-Sibiu_Piata_Mica_nr.24_%281%29.JPG,,"{""author"":""Andrei kokelburg"",""license"":""CC BY-SA 3.0 ro"",""license_url"":""https://creativecommons.org/licenses/by-sa/3.0/ro/deed.en"",""source"":""https://commons.wikimedia.org/wiki/File:Sibiu_Piata_Mica_nr.24_(1).JPG""}",SB-II-m-A-12126
"Casa Breslei Aurarilor, azi locuință",,casa-breslei-aurarilor-azi-locuinta-sibiu,,,Sibiu,Sibiu,cladire-istorica,"Piața Mică 25",45.798416,24.152029,,,,https://thumb.wikimedia.org/wikipedia/commons/thumb/e/e5/Sibiu_Piata_Mica_nr.25.JPG/1280px-Sibiu_Piata_Mica_nr.25.JPG,,"{""author"":""Andrei kokelburg"",""license"":""CC BY-SA 3.0 ro"",""license_url"":""https://creativecommons.org/licenses/by-sa/3.0/ro/deed.en"",""source"":""https://commons.wikimedia.org/wiki/File:Sibiu_Piata_Mica_nr.25.JPG""}",SB-II-m-A-12127
"Casă, Str. Mitropoliei 2A",,casa-str-mitropoliei-2a-sibiu,,,Sibiu,Sibiu,cladire-istorica,"Str. Mitropoliei 2A",45.796866,24.149714,,,,,,,SB-II-m-A-12133
"Casă, Str. Bălcescu Nicolae 14",,casa-str-balcescu-nicolae-14-sibiu,,,Sibiu,Sibiu,cladire-istorica,"Str. Bălcescu Nicolae 14",45.794,24.1501,,,,,,,SB-II-m-B-12053
"Casă, Str. Bălcescu Nicolae 28",,casa-str-balcescu-nicolae-28-sibiu,,,Sibiu,Sibiu,cladire-istorica,"Str. Bălcescu Nicolae 28",45.7937,24.1499,,,,,,,SB-II-m-B-12059
"Casă, Piața Mică 18",,casa-piata-mica-18-sibiu,,,Sibiu,Sibiu,cladire-istorica,"Piața Mică 18",45.7984,24.1509,,,,,,,SB-II-m-B-12120
"Casă, Piața Mică 20",,casa-piata-mica-20-sibiu,,,Sibiu,Sibiu,cladire-istorica,"Piața Mică 20",45.7984,24.1509,,,,,,,SB-II-m-B-12122
"Casă, Str. Mitropoliei 8",,casa-str-mitropoliei-8-sibiu,,,Sibiu,Sibiu,cladire-istorica,"Str. Mitropoliei 8",45.7964,24.1495,,,,,,,SB-II-m-B-12136
"Casă, Str. Ocnei 1",,casa-str-ocnei-1-sibiu,,,Sibiu,Sibiu,cladire-istorica,"Str. Ocnei 1",45.7984,24.1509,,,,https://thumb.wikimedia.org/wikipedia/commons/thumb/c/c6/RO_SB_1_Ocnei_street.jpg/1280px-RO_SB_1_Ocnei_street.jpg,,"{""author"":""Andrei Stroe"",""license"":""CC BY-SA 4.0"",""license_url"":""https://creativecommons.org/licenses/by-sa/4.0"",""source"":""https://commons.wikimedia.org/wiki/File:RO_SB_1_Ocnei_street.jpg""}",SB-II-m-B-12153
"Casă, Str. Ocnei 2",,casa-str-ocnei-2-sibiu,,,Sibiu,Sibiu,cladire-istorica,"Str. Ocnei 2",45.798533,24.150859,,,,https://thumb.wikimedia.org/wikipedia/commons/thumb/5/59/%22Eyes_of_Sibiu%22_at_house_Strada_Ocnei_2%2C_Sibiu_%282023%29_-_img_04.jpg/1280px-%22Eyes_of_Sibiu%22_at_house_Strada_Ocnei_2%2C_Sibiu_%282023%29_-_img_04.jpg,,"{""author"":""Chainwit."",""license"":""CC BY 4.0"",""license_url"":""https://creativecommons.org/licenses/by/4.0"",""source"":""https://commons.wikimedia.org/wiki/File:\""Eyes_of_Sibiu\""_at_house_Strada_Ocnei_2,_Sibiu_(2023)_-_img_04.jpg""}",SB-II-m-B-12154
"Biblioteca Județeană Astra",,biblioteca-judeteana-astra-sibiu,,"bibliotecă publică din județul Sibiu",Sibiu,Sibiu,cladire-istorica,"str. Barițiu nr. 5",45.7933,24.14636,,,,https://thumb.wikimedia.org/wikipedia/commons/thumb/f/fd/Biblioteca_Jude%C5%A3ean%C4%83_ASTRA_Sibiu_-_sediul_istoric1.jpg/1280px-Biblioteca_Jude%C5%A3ean%C4%83_ASTRA_Sibiu_-_sediul_istoric1.jpg,,"{""author"":""Danaioana88"",""license"":""CC BY-SA 4.0"",""license_url"":""https://creativecommons.org/licenses/by-sa/4.0"",""source"":""https://commons.wikimedia.org/wiki/File:Biblioteca_Judeţeană_ASTRA_Sibiu_-_sediul_istoric1.jpg""}",SB-II-m-A-21068
"Podul Minciunilor din Sibiu",,podul-minciunilor-din-sibiu-sibiu,,,Sibiu,Sibiu,cladire-istorica,"Piața Mică",45.798338,24.150794,,,,https://thumb.wikimedia.org/wikipedia/commons/thumb/d/d9/RO_SB_Bridge_of_Lies_01.jpg/1280px-RO_SB_Bridge_of_Lies_01.jpg,,"{""author"":""Andrei Stroe"",""license"":""CC BY-SA 4.0"",""license_url"":""https://creativecommons.org/licenses/by-sa/4.0"",""source"":""https://commons.wikimedia.org/wiki/File:RO_SB_Bridge_of_Lies_01.jpg""}",SB-II-m-A-12107
"Palatul Brukenthal, Piața Mare 4",,palatul-brukenthal-piata-mare-4-sibiu,,"palat din Sibiu, România",Sibiu,Sibiu,castel-palat,"Piața Mare 4",45.796554,24.150546,,,,https://thumb.wikimedia.org/wikipedia/commons/thumb/2/2a/Palatul_Brukenthal_din_Sibiu.jpg/1280px-Palatul_Brukenthal_din_Sibiu.jpg,,"{""author"":""Cezar Suceveanu"",""license"":""CC BY-SA 3.0 ro"",""license_url"":""https://creativecommons.org/licenses/by-sa/3.0/ro/deed.en"",""source"":""https://commons.wikimedia.org/wiki/File:Palatul_Brukenthal_din_Sibiu.jpg""}",SB-II-m-A-12094
"Biserica dintre Brazi din Sibiu",,biserica-dintre-brazi-din-sibiu-sibiu,,,Sibiu,Sibiu,biserica-manastire,"Str. Reconstrucției 17",45.7999161,24.141233,,,,https://upload.wikimedia.org/wikipedia/commons/2/29/Biserica_Petru_si_Pavel_din_Sibiu.jpg,,"{""author"":""Mihai Andrei"",""license"":""CC BY-SA 3.0"",""license_url"":""https://creativecommons.org/licenses/by-sa/3.0"",""source"":""https://commons.wikimedia.org/wiki/File:Biserica_Petru_si_Pavel_din_Sibiu.jpg""}",SB-II-a-A-12167
"Biserica Iezuiților din Sibiu",,biserica-iezuitilor-din-sibiu-sibiu,,,Sibiu,Sibiu,biserica-manastire,"Piața Mare 3, Piața Mică 4",45.7971,24.1512,,,,https://thumb.wikimedia.org/wikipedia/commons/thumb/8/89/Biserica_Iezui%C8%9Bilor_din_Sibiu_-_Jesuit_Church_of_Sibiu_%28MAR_2023%29_exterior_-_IMG_02.jpg/1280px-Biserica_Iezui%C8%9Bilor_din_Sibiu_-_Jesuit_Church_of_Sibiu_%28MAR_2023%29_exterior_-_IMG_02.jpg,,"{""author"":""Chainwit."",""license"":""CC BY-SA 4.0"",""license_url"":""https://creativecommons.org/licenses/by-sa/4.0"",""source"":""https://commons.wikimedia.org/wiki/File:Biserica_Iezuiților_din_Sibiu_-_Jesuit_Church_of_Sibiu_(MAR_2023)_exterior_-_IMG_02.jpg""}",SB-II-m-A-12093
"Biserica reformată din Sibiu",,biserica-reformata-din-sibiu-sibiu,,,Sibiu,Sibiu,biserica-manastire,"Str. Mitropoliei 9",45.796142,24.149539,,,,https://thumb.wikimedia.org/wikipedia/commons/thumb/b/b0/Biserica_reformata_din_Sibiu6.jpg/1280px-Biserica_reformata_din_Sibiu6.jpg,,"{""author"":""Cezar Suceveanu"",""license"":""CC BY-SA 3.0"",""license_url"":""https://creativecommons.org/licenses/by-sa/3.0"",""source"":""https://commons.wikimedia.org/wiki/File:Biserica_reformata_din_Sibiu6.jpg""}",SB-II-m-A-12137
"Biserica din Groapă din Sibiu",,biserica-din-groapa-din-sibiu-sibiu,,,Sibiu,Sibiu,biserica-manastire,"Str. Justiției 5",45.788073,24.146305,,,,https://thumb.wikimedia.org/wikipedia/commons/thumb/6/6a/Biserica_Buna_Vestire_din_Sibiu.jpg/1280px-Biserica_Buna_Vestire_din_Sibiu.jpg,,"{""author"":""Cezar Suceveanu"",""license"":""CC BY-SA 3.0 ro"",""license_url"":""https://creativecommons.org/licenses/by-sa/3.0/ro/deed.en"",""source"":""https://commons.wikimedia.org/wiki/File:Biserica_Buna_Vestire_din_Sibiu.jpg""}",SB-II-a-A-12085
"Capela Sfânta Cruce din Sibiu",,capela-sfanta-cruce-din-sibiu-sibiu,,,Sibiu,Sibiu,biserica-manastire,"Piața 1 Decembrie 1918 2",45.800295,24.160336,,,,https://thumb.wikimedia.org/wikipedia/commons/thumb/7/7b/Capela_Sf._Cruce_din_Sibiu.jpg/1280px-Capela_Sf._Cruce_din_Sibiu.jpg,,"{""author"":""Cezar Suceveanu"",""license"":""CC BY-SA 3.0"",""license_url"":""https://creativecommons.org/licenses/by-sa/3.0"",""source"":""https://commons.wikimedia.org/wiki/File:Capela_Sf._Cruce_din_Sibiu.jpg""}",SB-II-m-A-12014
"Biserica ursulinelor din Sibiu",,biserica-ursulinelor-din-sibiu-sibiu,,,Sibiu,Sibiu,biserica-manastire,"Str. Magheru Gheorghe, general 34-36",45.798514,24.155744,,,,https://thumb.wikimedia.org/wikipedia/commons/thumb/8/80/Biserica_Ursulinelor%2C_Sibiu_%282023%29_01.jpg/1280px-Biserica_Ursulinelor%2C_Sibiu_%282023%29_01.jpg,,"{""author"":""Chainwit."",""license"":""CC BY 4.0"",""license_url"":""https://creativecommons.org/licenses/by/4.0"",""source"":""https://commons.wikimedia.org/wiki/File:Biserica_Ursulinelor,_Sibiu_(2023)_01.jpg""}",SB-II-a-A-12091
"Biserica azilului, Str. Azilului 4, Str. Turnului 2 și 8",,biserica-azilului-str-azilului-4-str-turnului-2-si-8-sibiu,,,Sibiu,Sibiu,biserica-manastire,"Str. Azilului 4, Str. Turnului 2 și 8",45.798408,24.14984,,,,https://thumb.wikimedia.org/wikipedia/commons/thumb/7/7b/Hermannstadt%2C_Asylkirche_von_S%C3%BCden%2C_1.jpeg/1280px-Hermannstadt%2C_Asylkirche_von_S%C3%BCden%2C_1.jpeg,,"{""author"":""Renardo la vulpo"",""license"":""CC0"",""license_url"":""http://creativecommons.org/publicdomain/zero/1.0/deed.en"",""source"":""https://commons.wikimedia.org/wiki/File:Hermannstadt,_Asylkirche_von_Süden,_1.jpeg""}",SB-II-m-A-12049.02
"Biserica „Vizita Mariei la Elisabeta”",,biserica-vizita-mariei-la-elisabeta-sibiu,,,Sibiu,Sibiu,biserica-manastire,"Str. Gladiolelor 4-8",45.806764,24.148185,,,,https://thumb.wikimedia.org/wikipedia/commons/thumb/e/e1/Sibiu_Biserica_Terezian.jpg/1280px-Sibiu_Biserica_Terezian.jpg,,"{""author"":""Andrei kokelburg"",""license"":""CC BY-SA 3.0 ro"",""license_url"":""https://creativecommons.org/licenses/by-sa/3.0/ro/deed.en"",""source"":""https://commons.wikimedia.org/wiki/File:Sibiu_Biserica_Terezian.jpg""}",SB-II-m-A-12077.02
"Biserica „Sf. Luca” din „Maierii Sibiului”",,biserica-sf-luca-din-maierii-sibiului-sibiu,,,Sibiu,Sibiu,biserica-manastire,"Str. Lungă 25",45.804,24.1437,,,,https://thumb.wikimedia.org/wikipedia/commons/thumb/e/e2/Sibiu_Biserica_Str._Lunga.jpg/1280px-Sibiu_Biserica_Str._Lunga.jpg,,"{""author"":""Andrei kokelburg"",""license"":""CC BY-SA 3.0 ro"",""license_url"":""https://creativecommons.org/licenses/by-sa/3.0/ro/deed.en"",""source"":""https://commons.wikimedia.org/wiki/File:Sibiu_Biserica_Str._Lunga.jpg""}",SB-II-m-B-12088
"Sala Thalia, Str. Cetății 5",,sala-thalia-str-cetatii-5-sibiu,,teatrul,Sibiu,Sibiu,teatru-opera,"Str. Cetății 5",45.7927,24.152,,,,https://thumb.wikimedia.org/wikipedia/commons/thumb/9/96/Sibiu_Sala_Thalia.jpg/1280px-Sibiu_Sala_Thalia.jpg,,"{""author"":""Andrei kokelburg"",""license"":""CC BY-SA 3.0 ro"",""license_url"":""https://creativecommons.org/licenses/by-sa/3.0/ro/deed.en"",""source"":""https://commons.wikimedia.org/wiki/File:Sibiu_Sala_Thalia.jpg""}",SB-II-m-B-12070
"Muzeul „Astra” din Sibiu, Piața Mică 11, Piața Huet 11",,muzeul-astra-din-sibiu-piata-mica-11-piata-huet-11-sibiu,,,Sibiu,Sibiu,muzeu,"Piața Mică 11, Piața Huet 11",45.797595,24.151031,,,,https://thumb.wikimedia.org/wikipedia/commons/thumb/f/f5/Sibiu_Muzeul_in_aer_liber_ASTRA_%282%29.JPG/1280px-Sibiu_Muzeul_in_aer_liber_ASTRA_%282%29.JPG,,"{""author"":""Andrei kokelburg"",""license"":""CC BY-SA 3.0 ro"",""license_url"":""https://creativecommons.org/licenses/by-sa/3.0/ro/deed.en"",""source"":""https://commons.wikimedia.org/wiki/File:Sibiu_Muzeul_in_aer_liber_ASTRA_(2).JPG""}",SB-II-m-B-12114
"Muzeul de Istorie Casa Altemberger",,muzeul-de-istorie-casa-altemberger-sibiu,,,Sibiu,Sibiu,muzeu,"Str. Mitropoliei 2",45.796871,24.149622,,,,https://thumb.wikimedia.org/wikipedia/commons/thumb/2/2e/Muzeul_de_istorie_Sibiu.jpg/1280px-Muzeul_de_istorie_Sibiu.jpg,,"{""author"":""Oprea.alex"",""license"":""CC BY-SA 3.0"",""license_url"":""https://creativecommons.org/licenses/by-sa/3.0"",""source"":""https://commons.wikimedia.org/wiki/File:Muzeul_de_istorie_Sibiu.jpg""}",SB-II-m-A-12134
"Muzeul de Istorie a Farmaciei din Sibiu",,muzeul-de-istorie-a-farmaciei-din-sibiu-sibiu,,,Sibiu,Sibiu,muzeu,"Piața Mică 26",45.798364,24.152061,,,,https://thumb.wikimedia.org/wikipedia/commons/thumb/7/7e/Sibiu_Piata_Mica_nr.26.jpg/1280px-Sibiu_Piata_Mica_nr.26.jpg,,"{""author"":""Andrei kokelburg"",""license"":""CC BY-SA 3.0 ro"",""license_url"":""https://creativecommons.org/licenses/by-sa/3.0/ro/deed.en"",""source"":""https://commons.wikimedia.org/wiki/File:Sibiu_Piata_Mica_nr.26.jpg""}",SB-II-m-A-12128
"Muzeul de etnografie și artă populară săsească „Emil Sigerus”",,muzeul-de-etnografie-si-arta-populara-saseasca-emil-sigerus-sibiu,,,Sibiu,Sibiu,muzeu,"Piața Mică 21",45.7982,24.1513,,,,https://thumb.wikimedia.org/wikipedia/commons/thumb/0/04/CasaArtelorDinSibiu_CB_2009_dinturnulsfatului.JPG/1280px-CasaArtelorDinSibiu_CB_2009_dinturnulsfatului.JPG,,"{""author"":""Catalin Bogdan"",""license"":""CC BY-SA 3.0"",""license_url"":""https://creativecommons.org/licenses/by-sa/3.0"",""source"":""https://commons.wikimedia.org/wiki/File:CasaArtelorDinSibiu_CB_2009_dinturnulsfatului.JPG""}",SB-II-m-A-12123
"Sinagoga Mare din Sibiu, Str. Constituției 19",,sinagoga-mare-din-sibiu-str-constitutiei-19-sibiu,,"clădire religioasă din România",Sibiu,Sibiu,biserica-manastire,"Str. Constituției 19",45.798611,24.157917,,,,https://thumb.wikimedia.org/wikipedia/commons/thumb/e/e5/Sibiu_Sinagoga_%281%29.jpg/1280px-Sibiu_Sinagoga_%281%29.jpg,,"{""author"":""Andrei kokelburg"",""license"":""CC BY-SA 3.0 ro"",""license_url"":""https://creativecommons.org/licenses/by-sa/3.0/ro/deed.en"",""source"":""https://commons.wikimedia.org/wiki/File:Sibiu_Sinagoga_(1).jpg""}",SB-II-m-B-12071
"Casa Haller din Sibiu, Piața Mare 10",,casa-haller-din-sibiu-piata-mare-10-sibiu,,,Sibiu,Sibiu,cladire-istorica,"Piața Mare 10",45.796170468984,24.151904484353,,,,https://thumb.wikimedia.org/wikipedia/commons/thumb/3/34/Sibiu_Casa_Haller_%282%29.jpg/1280px-Sibiu_Casa_Haller_%282%29.jpg,,"{""author"":""Andrei kokelburg"",""license"":""CC BY-SA 3.0 ro"",""license_url"":""https://creativecommons.org/licenses/by-sa/3.0/ro/deed.en"",""source"":""https://commons.wikimedia.org/wiki/File:Sibiu_Casa_Haller_(2).jpg""}",SB-II-m-A-12100
"Casa Lutsch, Piața Mare 13 o aripă în Str. G-ral Gh. Magheru 3",,casa-lutsch-piata-mare-13-o-aripa-in-str-g-ral-gh-magheru-3-sibiu,,,Sibiu,Sibiu,cladire-istorica,"Piața Mare 13 o aripă în Str. G-ral Gh. Magheru 3",45.7965,24.1519,,,,https://thumb.wikimedia.org/wikipedia/commons/thumb/a/a0/RO_SB_Lutsch_house.jpg/1280px-RO_SB_Lutsch_house.jpg,,"{""author"":""Andrei Stroe"",""license"":""CC BY-SA 4.0"",""license_url"":""https://creativecommons.org/licenses/by-sa/4.0"",""source"":""https://commons.wikimedia.org/wiki/File:RO_SB_Lutsch_house.jpg""}",SB-II-m-B-12103
"Studioul „Astra-Film” din Sibiu",,studioul-astra-film-din-sibiu-sibiu,,,Sibiu,Sibiu,cladire-istorica,"Piața Mică 12, Piața Huet 12",45.7979,24.1509,,,,https://thumb.wikimedia.org/wikipedia/commons/thumb/6/66/Sibiu_Astra_Film_%283%29.jpg/1280px-Sibiu_Astra_Film_%283%29.jpg,,"{""author"":""Andrei kokelburg"",""license"":""CC BY-SA 3.0 ro"",""license_url"":""https://creativecommons.org/licenses/by-sa/3.0/ro/deed.en"",""source"":""https://commons.wikimedia.org/wiki/File:Sibiu_Astra_Film_(3).jpg""}",SB-II-m-A-12115
"Ansamblul „Mitropolia Ortodoxă și Facultatea de Teologie Ortodoxă”",,ansamblul-mitropolia-ortodoxa-si-facultatea-de-teologie-ortodoxa-sibiu,,,Sibiu,Sibiu,cladire-istorica,"Str. Mitropoliei 20-24, Str. Centumvirilor 13",45.7947651,24.147502,,,,https://thumb.wikimedia.org/wikipedia/commons/thumb/f/f4/Sibiu_-_Strada_Mitropoliei_%282023%29_01.jpg/1280px-Sibiu_-_Strada_Mitropoliei_%282023%29_01.jpg,,"{""author"":""Chainwit."",""license"":""CC BY 4.0"",""license_url"":""https://creativecommons.org/licenses/by/4.0"",""source"":""https://commons.wikimedia.org/wiki/File:Sibiu_-_Strada_Mitropoliei_(2023)_01.jpg""}",SB-II-a-A-12146
"Clădirea „Butoiul de Aur”, cu turn de apărare înglobat, azi locuință",,cladirea-butoiul-de-aur-cu-turn-de-aparare-inglobat-azi-locuinta-sibiu,,,Sibiu,Sibiu,cladire-istorica,"Piața Huet 3",45.797853,24.149801,,,,https://thumb.wikimedia.org/wikipedia/commons/thumb/2/26/Sibiu_Piata_Huet_3_%281%29.jpg/1280px-Sibiu_Piata_Huet_3_%281%29.jpg,,"{""author"":""Andrei kokelburg"",""license"":""CC BY-SA 3.0 ro"",""license_url"":""https://creativecommons.org/licenses/by-sa/3.0/ro/deed.en"",""source"":""https://commons.wikimedia.org/wiki/File:Sibiu_Piata_Huet_3_(1).jpg""}",SB-II-m-A-12080
"Casa Filek, azi sediul Consistoriului Superior al Bisericii Evanghelice C. A. din România",,casa-filek-azi-sediul-consistoriului-superior-al-bisericii-evanghelice-c-a-din-romania-sibiu,,,Sibiu,Sibiu,cladire-istorica,"Str. Magheru Gheorghe, general 4",45.796657,24.152952,,,,https://thumb.wikimedia.org/wikipedia/commons/thumb/e/ee/Sibiu_Consistoriul_evanghelic_%281%29.jpg/1280px-Sibiu_Consistoriul_evanghelic_%281%29.jpg,,"{""author"":""Andrei kokelburg"",""license"":""CC BY-SA 3.0 ro"",""license_url"":""https://creativecommons.org/licenses/by-sa/3.0/ro/deed.en"",""source"":""https://commons.wikimedia.org/wiki/File:Sibiu_Consistoriul_evanghelic_(1).jpg""}",SB-II-m-A-12090
"Casa Albastră, azi birouri și ateliere ale Muzeului Brukenthal",,casa-albastra-azi-birouri-si-ateliere-ale-muzeului-brukenthal-sibiu,,,Sibiu,Sibiu,cladire-istorica,"Piața Mare 5",45.8,24.15,,,,https://thumb.wikimedia.org/wikipedia/commons/thumb/9/96/Casa_albastra.jpg/1280px-Casa_albastra.jpg,,"{""author"":""Mara23"",""license"":""CC BY-SA 3.0 ro"",""license_url"":""https://creativecommons.org/licenses/by-sa/3.0/ro/deed.en"",""source"":""https://commons.wikimedia.org/wiki/File:Casa_albastra.jpg""}",SB-II-m-A-12095
"Casa Hecht (Casa Comesului), azi locuințe și spații comerciale",,casa-hecht-casa-comesului-azi-locuinte-si-spatii-comerciale-sibiu,,,Sibiu,Sibiu,cladire-istorica,"Piața Mare 8",45.796109,24.151978,,,,https://thumb.wikimedia.org/wikipedia/commons/thumb/f/f8/Sibiu_P-ta_Mare_nr.8_%284%29.jpg/1280px-Sibiu_P-ta_Mare_nr.8_%284%29.jpg,,"{""author"":""Andrei kokelburg"",""license"":""CC BY-SA 3.0 ro"",""license_url"":""https://creativecommons.org/licenses/by-sa/3.0/ro/deed.en"",""source"":""https://commons.wikimedia.org/wiki/File:Sibiu_P-ta_Mare_nr.8_(4).jpg""}",SB-II-m-A-12098
"Casă (în curte fragmente ale incintelor I și II)",,casa-in-curte-fragmente-ale-incintelor-i-si-ii-sibiu,,,Sibiu,Sibiu,cladire-istorica,"Piața Mică 22",45.798542,24.151541,,,,https://thumb.wikimedia.org/wikipedia/commons/thumb/9/9c/RO_SB_building_Small_Square_22.jpg/1280px-RO_SB_building_Small_Square_22.jpg,,"{""author"":""Andrei Stroe"",""license"":""CC BY-SA 4.0"",""license_url"":""https://creativecommons.org/licenses/by-sa/4.0"",""source"":""https://commons.wikimedia.org/wiki/File:RO_SB_building_Small_Square_22.jpg""}",SB-II-m-A-12124
"Casa cu cariatide, Str. Mitropoliei 13",,casa-cu-cariatide-str-mitropoliei-13-sibiu,,,Sibiu,Sibiu,cladire-istorica,"Str. Mitropoliei 13",45.79595,24.14927,,,,https://thumb.wikimedia.org/wikipedia/commons/thumb/6/62/2019_Casa_cu_cariatide_03.jpg/1280px-2019_Casa_cu_cariatide_03.jpg,,"{""author"":""Leontin l"",""license"":""CC BY-SA 4.0"",""license_url"":""https://creativecommons.org/licenses/by-sa/4.0"",""source"":""https://commons.wikimedia.org/wiki/File:2019_Casa_cu_cariatide_03.jpg""}",SB-II-m-A-12140
"Clădire, Str. Mitropoliei 20-24, Str. Centumvirilor 13",,cladire-str-mitropoliei-20-24-str-centumvirilor-13-sibiu,,,Sibiu,Sibiu,cladire-istorica,"Str. Mitropoliei 20-24, Str. Centumvirilor 13",45.7948,24.1477,,,,,,,SB-II-m-A-12146.04
"Casă, Str. Bălcescu Nicolae 42",,casa-str-balcescu-nicolae-42-sibiu,,,Sibiu,Sibiu,cladire-istorica,"Str. Bălcescu Nicolae 42",45.793,24.149,,,,https://thumb.wikimedia.org/wikipedia/commons/thumb/4/43/Hermannstadt%2C_Heltauer_Gasse_42%2C_11.jpeg/1280px-Hermannstadt%2C_Heltauer_Gasse_42%2C_11.jpeg,,"{""author"":""Renardo la vulpo"",""license"":""CC BY-SA 4.0"",""license_url"":""https://creativecommons.org/licenses/by-sa/4.0"",""source"":""https://commons.wikimedia.org/wiki/File:Hermannstadt,_Heltauer_Gasse_42,_11.jpeg""}",SB-II-m-B-12063
"Casă și farmacia „La Ursul Negru”",,casa-si-farmacia-la-ursul-negru-sibiu,,,Sibiu,Sibiu,cladire-istorica,"Piața Mică 26",45.798332,24.152117,,,,https://thumb.wikimedia.org/wikipedia/commons/thumb/f/f9/Sibiu_Piata_Mica_nr.26_%281%29.jpg/1280px-Sibiu_Piata_Mica_nr.26_%281%29.jpg,,"{""author"":""Andrei kokelburg"",""license"":""CC BY-SA 3.0 ro"",""license_url"":""https://creativecommons.org/licenses/by-sa/3.0/ro/deed.en"",""source"":""https://commons.wikimedia.org/wiki/File:Sibiu_Piata_Mica_nr.26_(1).jpg""}",SB-II-m-A-12128
"Muzeul Civilizației Populare Tradiționale „ASTRA” din Sibiu",,muzeul-civilizatiei-populare-traditionale-astra-din-sibiu-sibiu,,,Sibiu,Sibiu,muzeu,,45.754991,24.116063,,,,https://thumb.wikimedia.org/wikipedia/commons/thumb/f/fb/Windmill_in_National_Museum_Astra.JPG/1280px-Windmill_in_National_Museum_Astra.JPG,,"{""author"":""Prof mm2010"",""license"":""CC BY-SA 3.0 ro"",""license_url"":""https://creativecommons.org/licenses/by-sa/3.0/ro/deed.en"",""source"":""https://commons.wikimedia.org/wiki/File:Windmill_in_National_Museum_Astra.JPG""}",SB-II-a-A-12012
"Casa parohială evanghelică din Sibiu",,casa-parohiala-evanghelica-din-sibiu-sibiu,,,Sibiu,Sibiu,cladire-istorica,"Piața Huet 1 și 2",45.79445,24.14917,,,,https://thumb.wikimedia.org/wikipedia/commons/thumb/9/92/RO_SB_Lutheran_parish_house.jpg/1280px-RO_SB_Lutheran_parish_house.jpg,,"{""author"":""Andrei Stroe"",""license"":""CC BY-SA 4.0"",""license_url"":""https://creativecommons.org/licenses/by-sa/4.0"",""source"":""https://commons.wikimedia.org/wiki/File:RO_SB_Lutheran_parish_house.jpg""}",SB-II-m-A-12079
"Fosta Bancă de Credit Funciar din Sibiu",,fosta-banca-de-credit-funciar-din-sibiu-sibiu,,,Sibiu,Sibiu,cladire-istorica,"Str. Brukenthal Samuel 2, Piața Mică 5",45.796921,24.150757,,,,https://thumb.wikimedia.org/wikipedia/commons/thumb/0/00/Primaria_Sibiu.jpg/1280px-Primaria_Sibiu.jpg,,"{""author"":""Bogdan Parau"",""license"":""CC BY-SA 3.0 ro"",""license_url"":""https://creativecommons.org/licenses/by-sa/3.0/ro/deed.en"",""source"":""https://commons.wikimedia.org/wiki/File:Primaria_Sibiu.jpg""}",SB-II-m-A-12067
"Incinta I: Turnul Scărilor, curtine (fragmente)",,incinta-i-turnul-scarilor-curtine-fragmente-sibiu,,,Sibiu,Sibiu,cladire-istorica,,45.798,24.1499,,,,,,,SB-II-m-A-12010.01
"Incinta II: Turnul Sfatului, Turnul Scării Aurarilor, curtine (fragmente)",,incinta-ii-turnul-sfatului-turnul-scarii-aurarilor-curtine-fragmente-sibiu,,,Sibiu,Sibiu,cladire-istorica,,45.7977777778,24.1519444444,,,,,,,SB-II-m-A-12010.02
"Incinta III: Turnuri de apărare, Turnul Dulgherilor, Turnul Olarilor, Turnul Archebuzierilor, Turn de Poartă, curtine",,incinta-iii-turnuri-de-aparare-turnul-dulgherilor-turnul-olarilor-turnul-archebuzierilor-turn-de-273621-sibiu,,,Sibiu,Sibiu,cladire-istorica,,45.798768,24.151554,,,,,,,SB-II-m-A-12010.03
"Incinta IV: Turn de apărare, Turnul Pielarilor, Turnul Fierarilor",,incinta-iv-turn-de-aparare-turnul-pielarilor-turnul-fierarilor-sibiu,,,Sibiu,Sibiu,cladire-istorica,,45.800556,24.147389,,,,,,,SB-II-m-A-12010.04
"Biserica evanghelică, Str. Bieltz Eduard Albert 62",,biserica-evanghelica-str-bieltz-eduard-albert-62-sibiu,,,Sibiu,Sibiu,biserica-manastire,"Str. Bieltz Eduard Albert 62",45.789889,24.117573,,,,,,,SB-II-m-B-12065.01
"Tribunalul Sibiu, Bd. Victoriei 11",,tribunalul-sibiu-bd-victoriei-11-sibiu,,,Sibiu,Sibiu,castel-palat,"Bd. Victoriei 11",45.7895,24.14469,,,,https://thumb.wikimedia.org/wikipedia/commons/thumb/1/1c/TribunalulSibiu.JPG/1280px-TribunalulSibiu.JPG,,"{""author"":""Țetcu Mircea Rareș"",""license"":""CC BY-SA 3.0 ro"",""license_url"":""https://creativecommons.org/licenses/by-sa/3.0/ro/deed.en"",""source"":""https://commons.wikimedia.org/wiki/File:TribunalulSibiu.JPG""}",SB-II-m-A-20929
"Monumentul lui Georg Daniel Teutsch din Sibiu",,monumentul-lui-georg-daniel-teutsch-din-sibiu-sibiu,,,Sibiu,Sibiu,monument,"Piața Huet, în curtea Bisericii Evanghelice",45.7977693479,24.1497302055,,,,https://thumb.wikimedia.org/wikipedia/commons/thumb/4/44/Monumentul_lui_Georg_Daniel_Teutsch_din_Sibiu.jpg/1280px-Monumentul_lui_Georg_Daniel_Teutsch_din_Sibiu.jpg,,"{""author"":""Cezar Suceveanu"",""license"":""CC BY-SA 3.0 ro"",""license_url"":""https://creativecommons.org/licenses/by-sa/3.0/ro/deed.en"",""source"":""https://commons.wikimedia.org/wiki/File:Monumentul_lui_Georg_Daniel_Teutsch_din_Sibiu.jpg""}",SB-III-m-B-12595
"Casă, azi Centrul Cultural al Luxemburgului",,casa-azi-centrul-cultural-al-luxemburgului-sibiu,,,Sibiu,Sibiu,cladire-istorica,"Piața Mică 16",45.79813,24.150943,,,,https://thumb.wikimedia.org/wikipedia/commons/thumb/f/fc/ROM_Sibiu_Piata_Mica_03.jpg/1280px-ROM_Sibiu_Piata_Mica_03.jpg,,"{""author"":""-wuppertaler"",""license"":""CC BY-SA 4.0"",""license_url"":""https://creativecommons.org/licenses/by-sa/4.0"",""source"":""https://commons.wikimedia.org/wiki/File:ROM_Sibiu_Piata_Mica_03.jpg""}",SB-II-m-A-12119
"Catedrala Evanghelică din Sibiu",,catedrala-evanghelica-din-sibiu-sibiu,,,Sibiu,Sibiu,biserica-manastire,"Piața Huet f.n.",45.7978,24.1498,,,,https://thumb.wikimedia.org/wikipedia/commons/thumb/b/bf/Nagyszeben%2C_evang%C3%A9likus_sz%C3%A9kesegyh%C3%A1z_2023_01.jpg/1280px-Nagyszeben%2C_evang%C3%A9likus_sz%C3%A9kesegyh%C3%A1z_2023_01.jpg,,"{""author"":""Pasztilla aka Attila Terbócs"",""license"":""CC BY-SA 4.0"",""license_url"":""https://creativecommons.org/licenses/by-sa/4.0"",""source"":""https://commons.wikimedia.org/wiki/File:Nagyszeben,_evangélikus_székesegyház_2023_01.jpg""}",SB-II-m-A-12078
"Biserica evanghelică din Turnișor",,biserica-evanghelica-din-turnisor-sibiu,,,Sibiu,Sibiu,biserica-manastire,"Str. Bieltz Eduard Albert 62",45.790022,24.117606,,,,https://upload.wikimedia.org/wikipedia/commons/a/a7/Kirche-neppendorf.jpg,,"{""author"":""Stbichler (Archiv Stefan Bichler)"",""license"":""Public domain"",""license_url"":"""",""source"":""https://commons.wikimedia.org/wiki/File:Kirche-neppendorf.jpg""}",SB-II-a-B-12065
"Biserica Franciscană din Sibiu",,biserica-franciscana-din-sibiu-sibiu,,,Sibiu,Sibiu,cladire-istorica,"Str. Șelarilor 12-14, Str. Bărbierilor 2 (corpul S+P), Str. Manejului 4",45.797092,24.155532,,,,https://thumb.wikimedia.org/wikipedia/commons/thumb/4/42/Biserica_romano-_catolica_Sf._Francisc_%28fosta_manastire_franciscana%29_%2820%29.JPG/1280px-Biserica_romano-_catolica_Sf._Francisc_%28fosta_manastire_franciscana%29_%2820%29.JPG,,"{""author"":""Țetcu Mircea Rareș"",""license"":""CC BY-SA 3.0 ro"",""license_url"":""https://creativecommons.org/licenses/by-sa/3.0/ro/deed.en"",""source"":""https://commons.wikimedia.org/wiki/File:Biserica_romano-_catolica_Sf._Francisc_(fosta_manastire_franciscana)_(20).JPG""}",SB-II-a-A-12175
"Casa Capitulară din Sibiu",,casa-capitulara-din-sibiu-sibiu,,,Sibiu,Sibiu,cladire-istorica,"Piața Huet 4",45.79757,24.149308,,,,https://upload.wikimedia.org/wikipedia/commons/4/40/Consistoriul_districtual_al_bisericii_evanghelice_C.A..jpg,,"{""author"":""Dragos Dumitru"",""license"":""CC BY 2.0"",""license_url"":""https://creativecommons.org/licenses/by/2.0"",""source"":""https://commons.wikimedia.org/wiki/File:Consistoriul_districtual_al_bisericii_evanghelice_C.A..jpg""}",SB-II-m-A-12081
"Catedrala Mitropolitană din Sibiu",,catedrala-mitropolitana-din-sibiu-sibiu,,,Sibiu,Sibiu,cladire-istorica,"Str. Mitropoliei 33-35",45.7945,24.1482,,,,https://thumb.wikimedia.org/wikipedia/commons/thumb/4/4f/Sibiu_-_looking_toward_Orthodox_cathedral.jpg/1280px-Sibiu_-_looking_toward_Orthodox_cathedral.jpg,,"{""author"":""Joe Mabel"",""license"":""CC BY-SA 3.0"",""license_url"":""http://creativecommons.org/licenses/by-sa/3.0/"",""source"":""https://commons.wikimedia.org/wiki/File:Sibiu_-_looking_toward_Orthodox_cathedral.jpg""}",SB-II-m-A-12147
